observacao_id,A1_Total,A1_col_1,A1_Sim,A1_Não,A1_Não sabe,A1_Não respondeu,B1_Total,B1_col_1,B1_Sim,B1_Não,B1C_Total,B1C_col_1,B1C_Nenhum,B1C_Até 5,B1C_De 6 a 15,B1C_De 16 a 20,B1C_De 21 a 30,B1C_De 31 a 40,B1C_41 ou mais,B2_Total,B2_col_1,B2_Computador de mesa_Sim,B2_Computador de mesa_Não,B2_Computador de mesa_Não sabe,B2_Computador de mesa_Não respondeu,B2_Computador portátil_Sim,B2_Computador portátil_Não,B2_Computador portátil_Não sabe,B2_Computador portátil_Não respondeu,B2_Tablet_Sim,B2_Tablet_Não,B2_Tablet_Não sabe,B2_Tablet_Não respondeu,A2_Total,A2_col_1,A2_Conexão via cabo,A2_Conexão via rádio,A2_Conexão via satélite,"A2_Modem 3G, 4G ou 5G",A2_Conexão via fibra ótica,A2_Não sabe,A2_Não respondeu,A2_Não se aplica,A3_1_Total,A3_1_col_1,A3_1_Até 10 Mbps,A3_1_De 11 Mbps a 50 Mbps,A3_1_De 51 Mbps a 100 Mbps,A3_1_De 101 Mbps a 250 Mbps,A3_1_De 251 Mbps a 500 Mbps,A3_1_De 501 Mbps a 1 Gbps,A3_1_1 Gbps ou mais,A3_1_Não sabe,A3_1_Não respondeu,A3_1_Não se aplica,A4_Total,A4_col_1,A4_Sim,A4_Não,A4_Não sabe,A4_Não respondeu,C1_Total,C1_col_1,C1_Sala da coordenação pedagógica ou da direção_Sim,C1_Sala da coordenação pedagógica ou da direção_Não,C1_Sala da coordenação pedagógica ou da direção_Não sabe,C1_Sala da coordenação pedagógica ou da direção_Não respondeu,C1_Sala da coordenação pedagógica ou da direção_Não se aplica,C1_Sala dos professores ou sala de reunião_Sim,C1_Sala dos professores ou sala de reunião_Não,C1_Sala dos professores ou sala de reunião_Não sabe,C1_Sala dos professores ou sala de reunião_Não respondeu,C1_Sala dos professores ou sala de reunião_Não se aplica,C1_Sala de aula_Sim,C1_Sala de aula_Não,C1_Sala de aula_Não sabe,C1_Sala de aula_Não respondeu,C1_Sala de aula_Não se aplica,C1_Biblioteca ou sala de estudos para os alunos_Sim,C1_Biblioteca ou sala de estudos para os alunos_Não,C1_Biblioteca ou sala de estudos para os alunos_Não sabe,C1_Biblioteca ou sala de estudos para os alunos_Não respondeu,C1_Biblioteca ou sala de estudos para os alunos_Não se aplica,C1_Laboratório de informática_Sim,C1_Laboratório de informática_Não,C1_Laboratório de informática_Não sabe,C1_Laboratório de informática_Não respondeu,C1_Laboratório de informática_Não se aplica,C1_Sala de recursos de robótica_Sim,C1_Sala de recursos de robótica_Não,C1_Sala de recursos de robótica_Não sabe,C1_Sala de recursos de robótica_Não respondeu,C1_Sala de recursos de robótica_Não se aplica,C1_Sala ou laboratório multimídia_Sim,C1_Sala ou laboratório multimídia_Não,C1_Sala ou laboratório multimídia_Não sabe,C1_Sala ou laboratório multimídia_Não respondeu,C1_Sala ou laboratório multimídia_Não se aplica,C1_Pátio ou área de recreação para os alunos_Sim,C1_Pátio ou área de recreação para os alunos_Não,C1_Pátio ou área de recreação para os alunos_Não sabe,C1_Pátio ou área de recreação para os alunos_Não respondeu,C1_Pátio ou área de recreação para os alunos_Não se aplica,E1_Total,E1_col_1,"E1_Dados cadastrais dos alunos, como, por exemplo, nome, endereço, telefone e data de nascimento_Sim","E1_Dados cadastrais dos alunos, como, por exemplo, nome, endereço, telefone e data de nascimento_Não","E1_Dados cadastrais dos alunos, como, por exemplo, nome, endereço, telefone e data de nascimento_Não sabe","E1_Dados cadastrais dos alunos, como, por exemplo, nome, endereço, telefone e data de nascimento_Não respondeu","E1_Dados cadastrais dos alunos, como, por exemplo, nome, endereço, telefone e data de nascimento_Não se aplica",E1_Dados de frequência e notas dos alunos_Sim,E1_Dados de frequência e notas dos alunos_Não,E1_Dados de frequência e notas dos alunos_Não sabe,E1_Dados de frequência e notas dos alunos_Não respondeu,E1_Dados de frequência e notas dos alunos_Não se aplica,"E1_Informações sobre condições físicas e de saúde dos alunos, como peso, altura, alergias, entre outros_Sim","E1_Informações sobre condições físicas e de saúde dos alunos, como peso, altura, alergias, entre outros_Não","E1_Informações sobre condições físicas e de saúde dos alunos, como peso, altura, alergias, entre outros_Não sabe","E1_Informações sobre condições físicas e de saúde dos alunos, como peso, altura, alergias, entre outros_Não respondeu","E1_Informações sobre condições físicas e de saúde dos alunos, como peso, altura, alergias, entre outros_Não se aplica",E1_Resultados de avaliação de desempenho dos professores e de outros funcionários_Sim,E1_Resultados de avaliação de desempenho dos professores e de outros funcionários_Não,E1_Resultados de avaliação de desempenho dos professores e de outros funcionários_Não sabe,E1_Resultados de avaliação de desempenho dos professores e de outros funcionários_Não respondeu,E1_Resultados de avaliação de desempenho dos professores e de outros funcionários_Não se aplica,E1_Informações sobre o orçamento financeiro da escola_Sim,E1_Informações sobre o orçamento financeiro da escola_Não,E1_Informações sobre o orçamento financeiro da escola_Não sabe,E1_Informações sobre o orçamento financeiro da escola_Não respondeu,E1_Informações sobre o orçamento financeiro da escola_Não se aplica,E1_Fotos e vídeos dos alunos_Sim,E1_Fotos e vídeos dos alunos_Não,E1_Fotos e vídeos dos alunos_Não sabe,E1_Fotos e vídeos dos alunos_Não respondeu,E1_Fotos e vídeos dos alunos_Não se aplica,E1A_Total,E1A_col_1,E1A_Sim,E1A_Não,E1A_Não sabe,E1A_Não respondeu,E1A_Não se aplica,F1_Total,F1_col_1,F1_Site_Sim,F1_Site_Não,F1_Site_Não sabe,F1_Site_Não respondeu,F1_Blog_Sim,F1_Blog_Não,F1_Blog_Não sabe,F1_Blog_Não respondeu,F1_E-mail institucional_Sim,F1_E-mail institucional_Não,F1_E-mail institucional_Não sabe,F1_E-mail institucional_Não respondeu,F2_Total,F2_col_1,F2_Sim,F2_Não,F2_Não sabe,F2_Não respondeu,G4_Total,G4_col_1,G4_Microsoft Teams_Sim,G4_Microsoft Teams_Não,G4_Microsoft Teams_Não sabe,G4_Microsoft Teams_Não respondeu,G4_Zoom_Sim,G4_Zoom_Não,G4_Zoom_Não sabe,G4_Zoom_Não respondeu,G4_Moodle_Sim,G4_Moodle_Não,G4_Moodle_Não sabe,G4_Moodle_Não respondeu,"G4_Google Sala de Aula, Classroom ou Google For Education_Sim","G4_Google Sala de Aula, Classroom ou Google For Education_Não","G4_Google Sala de Aula, Classroom ou Google For Education_Não sabe","G4_Google Sala de Aula, Classroom ou Google For Education_Não respondeu",G4_Google Meet_Sim,G4_Google Meet_Não,G4_Google Meet_Não sabe,G4_Google Meet_Não respondeu,G4_Google (total)_Sim,G4_Google (total)_Não,G4_AVAMEC_Sim,G4_AVAMEC_Não,G4_AVAMEC_Não sabe,G4_AVAMEC_Não respondeu,G4_Outros ambientes ou plataformas_Sim,G4_Outros ambientes ou plataformas_Não,K3_Total,K3_col_1,K3_Educação infantil_Sim,K3_Educação infantil_Não,K3_Educação infantil_Não sabe,K3_Educação infantil_Não respondeu,K3_Anos iniciais do Ensino Fundamental_Sim,K3_Anos iniciais do Ensino Fundamental_Não,K3_Anos iniciais do Ensino Fundamental_Não sabe,K3_Anos iniciais do Ensino Fundamental_Não respondeu,K3_Anos finais do Ensino Fundamental_Sim,K3_Anos finais do Ensino Fundamental_Não,K3_Anos finais do Ensino Fundamental_Não sabe,K3_Anos finais do Ensino Fundamental_Não respondeu,K3_Ensino Médio_Sim,K3_Ensino Médio_Não,K3_Ensino Médio_Não sabe,K3_Ensino Médio_Não respondeu,K3_Ensino técnico ou profissionalizante_Sim,K3_Ensino técnico ou profissionalizante_Não,K3_Ensino técnico ou profissionalizante_Não sabe,K3_Ensino técnico ou profissionalizante_Não respondeu,K3_Alfabetização e Educação de Jovens e Adultos_Sim,K3_Alfabetização e Educação de Jovens e Adultos_Não,K3_Alfabetização e Educação de Jovens e Adultos_Não sabe,K3_Alfabetização e Educação de Jovens e Adultos_Não respondeu,K3_Outros níveis de ensino_Sim,K3_Outros níveis de ensino_Não,K6_Total,K6_col_1,K6_Manhã_Até 50 alunos,K6_Manhã_De 51 a 200 alunos,K6_Manhã_De 201 a 350 alunos,K6_Manhã_de 351 a 500 alunos,K6_Manhã_Mais de 500 alunos,K6_Manhã_Não sabe,K6_Manhã_Não respondeu,K6_Manhã_Não se aplica,K6_Tarde_Até 50 alunos,K6_Tarde_De 51 a 200 alunos,K6_Tarde_De 201 a 350 alunos,K6_Tarde_de 351 a 500 alunos,K6_Tarde_Mais de 500 alunos,K6_Tarde_Não sabe,K6_Tarde_Não respondeu,K6_Tarde_Não se aplica,K6_Noite_Até 50 alunos,K6_Noite_De 51 a 200 alunos,K6_Noite_De 201 a 350 alunos,K6_Noite_de 351 a 500 alunos,K6_Noite_Mais de 500 alunos,K6_Noite_Não sabe,K6_Noite_Não respondeu,K6_Noite_Não se aplica
DEPENDÊNCIA_ADMINISTRATIVA_Estadual,DEPENDÊNCIA ADMINISTRATIVA,Estadual,27643,479,-,-,DEPENDÊNCIA ADMINISTRATIVA,Estadual,26724,1398,DEPENDÊNCIA ADMINISTRATIVA,Estadual,2300,1482,2698,2612,1842,3536,12254,DEPENDÊNCIA ADMINISTRATIVA,Estadual,25907,817,-,-,24438,2286,-,-,10971,15753,-,-,DEPENDÊNCIA ADMINISTRATIVA,Estadual,6556,863,1608,2158,15144,1313,0,0,DEPENDÊNCIA ADMINISTRATIVA,Estadual,1631,2167,3181,3314,5523,4012,1183,6465,167,0,DEPENDÊNCIA ADMINISTRATIVA,Estadual,27194,448,0,-,DEPENDÊNCIA ADMINISTRATIVA,Estadual,11197,14227,-,-,2219,8717,16216,0,-,2709,20222,3526,0,-,3895,17531,828,-,-,9283,16532,30,-,-,11081,2280,184,-,-,25179,5447,215,-,-,21981,14480,2771,-,-,10391,DEPENDÊNCIA ADMINISTRATIVA,Estadual,27643,117,362,-,-,27869,253,-,-,-,14467,13329,326,0,-,24340,3452,330,-,-,24926,2978,218,-,-,22312,5548,263,0,-,DEPENDÊNCIA ADMINISTRATIVA,Estadual,27936,69,-,-,117,DEPENDÊNCIA ADMINISTRATIVA,Estadual,8691,19328,103,-,3065,24942,115,0,26436,1686,-,-,DEPENDÊNCIA ADMINISTRATIVA,Estadual,25506,2547,69,-,DEPENDÊNCIA ADMINISTRATIVA,Estadual,10964,16948,211,-,10048,17734,340,0,2975,24031,965,151,14588,13377,157,-,21634,6328,160,-,22904,5218,6132,21106,885,0,5892,22230,DEPENDÊNCIA ADMINISTRATIVA,Estadual,2746,25376,0,-,10067,18055,0,-,20619,7503,0,-,19535,8587,-,-,8848,19240,-,33,5586,22536,-,-,3083,25039,DEPENDÊNCIA ADMINISTRATIVA,Estadual,3640,7982,7485,6110,1950,65,51,839,3815,9337,6905,4422,1571,65,51,1955,3523,7258,2160,486,226,65,-,14403
DEPENDÊNCIA_ADMINISTRATIVA_Municipal,DEPENDÊNCIA ADMINISTRATIVA,Municipal,70604,4754,-,-,DEPENDÊNCIA ADMINISTRATIVA,Municipal,62157,13201,DEPENDÊNCIA ADMINISTRATIVA,Municipal,23811,13741,7841,1644,3358,4948,6812,DEPENDÊNCIA ADMINISTRATIVA,Municipal,53902,8255,-,-,50664,11492,-,-,20183,41974,-,-,DEPENDÊNCIA ADMINISTRATIVA,Municipal,17040,4974,8753,3730,32422,2595,1090,0,DEPENDÊNCIA ADMINISTRATIVA,Municipal,8450,7826,13228,6554,8752,8980,2346,14199,268,0,DEPENDÊNCIA ADMINISTRATIVA,Municipal,69707,897,0,-,DEPENDÊNCIA ADMINISTRATIVA,Municipal,20342,31898,-,-,18363,16286,26734,40,-,27544,44642,16790,352,-,8819,22159,4159,-,-,44286,15244,80,-,-,55280,3328,19,-,-,67257,5245,362,-,-,64997,29372,11795,-,-,29437,DEPENDÊNCIA ADMINISTRATIVA,Municipal,66961,8397,0,-,-,71349,4009,-,-,-,36042,39257,59,0,-,49759,25371,229,-,-,52676,22682,0,-,-,52045,22613,0,700,-,DEPENDÊNCIA ADMINISTRATIVA,Municipal,65421,6557,-,-,3380,DEPENDÊNCIA ADMINISTRATIVA,Municipal,11215,63974,169,-,2118,73203,0,37,55561,19797,-,-,DEPENDÊNCIA ADMINISTRATIVA,Municipal,41763,33569,26,-,DEPENDÊNCIA ADMINISTRATIVA,Municipal,12512,61428,1418,-,15077,59011,1270,0,2680,71025,1653,0,15490,59469,399,-,38091,37195,72,-,40208,35150,22492,50011,1359,1495,10190,65168,DEPENDÊNCIA ADMINISTRATIVA,Municipal,49967,25391,0,-,70476,4882,0,-,29727,45631,0,-,2238,73120,-,-,12832,62526,-,0,81,75277,-,-,3386,71972,DEPENDÊNCIA ADMINISTRATIVA,Municipal,27302,27129,12153,5172,1200,0,0,2401,19639,26513,10349,5236,798,0,0,12823,8251,3677,196,0,0,0,-,63234
DEPENDÊNCIA_ADMINISTRATIVA_Particular,DEPENDÊNCIA ADMINISTRATIVA,Particular,25791,72,-,-,DEPENDÊNCIA ADMINISTRATIVA,Particular,25791,72,DEPENDÊNCIA ADMINISTRATIVA,Particular,8161,4515,4751,1065,3296,577,3427,DEPENDÊNCIA ADMINISTRATIVA,Particular,22658,3133,-,-,24055,1737,-,-,8632,17159,-,-,DEPENDÊNCIA ADMINISTRATIVA,Particular,4317,0,623,2044,18224,231,352,0,DEPENDÊNCIA ADMINISTRATIVA,Particular,2264,785,379,1604,4550,5849,5924,4436,0,0,DEPENDÊNCIA ADMINISTRATIVA,Particular,25791,0,0,-,DEPENDÊNCIA ADMINISTRATIVA,Particular,9297,15133,-,-,1362,6750,15796,0,-,3246,13377,10092,0,-,2323,13044,1560,-,-,11187,8426,0,-,-,17365,4303,0,-,-,21488,5491,1148,-,-,19152,11980,2698,-,-,11113,DEPENDÊNCIA ADMINISTRATIVA,Particular,22215,3648,0,-,-,20830,5033,-,-,-,14189,11061,0,614,-,15663,10200,0,-,-,17597,8266,0,-,-,19196,6053,0,614,-,DEPENDÊNCIA ADMINISTRATIVA,Particular,17686,5700,-,-,2477,DEPENDÊNCIA ADMINISTRATIVA,Particular,17578,8285,0,-,3876,21987,0,0,23885,1978,-,-,DEPENDÊNCIA ADMINISTRATIVA,Particular,25067,796,0,-,DEPENDÊNCIA ADMINISTRATIVA,Particular,6971,17920,972,-,6639,17209,788,1227,1123,23500,627,614,8827,17036,0,-,12101,13762,0,-,13411,12452,795,23211,1243,614,5400,20463,DEPENDÊNCIA ADMINISTRATIVA,Particular,21691,4172,0,-,24146,1717,0,-,17615,8248,0,-,9994,15869,-,-,163,25700,-,0,654,25209,-,-,279,25584,DEPENDÊNCIA ADMINISTRATIVA,Particular,5977,10831,4798,3199,700,0,0,358,5810,11046,2361,1538,395,0,0,4714,231,286,0,0,29,0,-,25317
"DEPENDÊNCIA_ADMINISTRATIVA_Públicas_(Municipal,_Estadual_e_Federal)",DEPENDÊNCIA ADMINISTRATIVA,"Públicas (Municipal, Estadual e Federal)",98876,5234,-,-,DEPENDÊNCIA ADMINISTRATIVA,"Públicas (Municipal, Estadual e Federal)",89511,14599,DEPENDÊNCIA ADMINISTRATIVA,"Públicas (Municipal, Estadual e Federal)",26114,15228,10539,4257,5212,8527,19634,DEPENDÊNCIA ADMINISTRATIVA,"Públicas (Municipal, Estadual e Federal)",80439,9072,-,-,75732,13779,-,-,31573,57938,-,-,DEPENDÊNCIA ADMINISTRATIVA,"Públicas (Municipal, Estadual e Federal)",23724,5857,10361,5907,48019,3918,1090,0,DEPENDÊNCIA ADMINISTRATIVA,"Públicas (Municipal, Estadual e Federal)",10089,10020,16454,9932,14334,13102,3732,20778,435,0,DEPENDÊNCIA ADMINISTRATIVA,"Públicas (Municipal, Estadual e Federal)",97511,1358,7,-,DEPENDÊNCIA ADMINISTRATIVA,"Públicas (Municipal, Estadual e Federal)",32025,46270,-,-,20582,25480,43088,40,-,30268,65457,20335,359,-,12724,40320,4987,-,-,53569,32403,110,-,-,66363,6064,203,-,-,92609,11090,586,-,-,87201,44435,14566,-,-,39875,DEPENDÊNCIA ADMINISTRATIVA,"Públicas (Municipal, Estadual e Federal)",95231,8517,362,-,-,99844,4266,-,-,-,50862,52863,385,0,-,74617,28927,566,-,-,78205,25669,236,-,-,74869,28278,263,700,-,DEPENDÊNCIA ADMINISTRATIVA,"Públicas (Municipal, Estadual e Federal)",93984,6626,-,-,3500,DEPENDÊNCIA ADMINISTRATIVA,"Públicas (Municipal, Estadual e Federal)",20526,83312,272,-,5279,98656,134,40,82627,21483,-,-,DEPENDÊNCIA ADMINISTRATIVA,"Públicas (Municipal, Estadual e Federal)",67892,36123,95,-,DEPENDÊNCIA ADMINISTRATIVA,"Públicas (Municipal, Estadual e Federal)",23814,78651,1645,-,25294,77195,1621,0,6172,95156,2630,151,30482,73069,559,-,60313,43559,238,-,63730,40380,28710,71637,2265,1498,16183,87927,DEPENDÊNCIA ADMINISTRATIVA,"Públicas (Municipal, Estadual e Federal)",52732,51370,8,-,80571,23531,8,-,50392,53710,8,-,22403,81707,-,-,21896,82180,-,33,6264,97846,-,-,6951,97159,DEPENDÊNCIA ADMINISTRATIVA,"Públicas (Municipal, Estadual e Federal)",30942,35189,19869,11388,3347,83,51,3240,23454,35942,17522,9752,2512,83,51,14793,11841,11138,2454,579,294,83,-,77721
ESCOLA_COM_INTERNET_E_COMPUTADOR_PARA_USO_DOS_ALUNOS_Não,ESCOLA COM INTERNET E COMPUTADOR PARA USO DOS ALUNOS,Não,48248,5305,-,-,ESCOLA COM INTERNET E COMPUTADOR PARA USO DOS ALUNOS,Não,38883,14671,ESCOLA COM INTERNET E COMPUTADOR PARA USO DOS ALUNOS,Não,34275,3076,641,370,93,319,110,ESCOLA COM INTERNET E COMPUTADOR PARA USO DOS ALUNOS,Não,29657,9226,-,-,28726,10157,-,-,5375,33507,-,-,ESCOLA COM INTERNET E COMPUTADOR PARA USO DOS ALUNOS,Não,12198,3522,8129,2059,19013,2237,1090,0,ESCOLA COM INTERNET E COMPUTADOR PARA USO DOS ALUNOS,Não,6645,5913,8772,3814,3325,4231,2942,12606,0,0,ESCOLA COM INTERNET E COMPUTADOR PARA USO DOS ALUNOS,Não,47275,974,0,-,ESCOLA COM INTERNET E COMPUTADOR PARA USO DOS ALUNOS,Não,11530,19233,-,-,17485,6784,15144,0,-,26321,21507,17414,0,-,9327,6236,2633,-,-,39379,184,60,-,-,48004,101,159,-,-,47988,921,170,-,-,47157,15557,4980,-,-,27712,ESCOLA COM INTERNET E COMPUTADOR PARA USO DOS ALUNOS,Não,44075,9479,0,-,-,47712,5842,-,-,-,19577,33976,0,0,-,31801,21753,0,-,-,31656,21848,50,-,-,33549,19305,0,700,-,ESCOLA COM INTERNET E COMPUTADOR PARA USO DOS ALUNOS,Não,40069,8961,-,-,4523,ESCOLA COM INTERNET E COMPUTADOR PARA USO DOS ALUNOS,Não,8834,44580,139,-,1582,51935,0,37,32447,21106,-,-,ESCOLA COM INTERNET E COMPUTADOR PARA USO DOS ALUNOS,Não,25287,28267,0,-,ESCOLA COM INTERNET E COMPUTADOR PARA USO DOS ALUNOS,Não,6796,46518,239,-,7299,45775,480,0,2060,51070,423,0,7277,46238,38,-,17909,35644,0,-,19232,34321,10352,41486,341,1374,6169,47384,ESCOLA COM INTERNET E COMPUTADOR PARA USO DOS ALUNOS,Não,41632,11921,0,-,50430,3123,0,-,18273,35281,0,-,5102,48452,-,-,8933,44620,-,0,77,53476,-,-,827,52727,ESCOLA COM INTERNET E COMPUTADOR PARA USO DOS ALUNOS,Não,28585,16589,4108,1182,367,0,0,2721,20741,14746,3467,801,329,0,0,13470,6376,2089,178,81,0,0,-,44829
ESCOLA_COM_INTERNET_E_COMPUTADOR_PARA_USO_DOS_ALUNOS_Sim,ESCOLA COM INTERNET E COMPUTADOR PARA USO DOS ALUNOS,Sim,76419,0,-,-,ESCOLA COM INTERNET E COMPUTADOR PARA USO DOS ALUNOS,Sim,76419,0,ESCOLA COM INTERNET E COMPUTADOR PARA USO DOS ALUNOS,Sim,0,16667,14650,4951,8415,8786,22950,ESCOLA COM INTERNET E COMPUTADOR PARA USO DOS ALUNOS,Sim,73440,2979,-,-,71061,5359,-,-,34830,41590,-,-,ESCOLA COM INTERNET E COMPUTADOR PARA USO DOS ALUNOS,Sim,15844,2335,2855,5893,47229,1912,352,0,ESCOLA COM INTERNET E COMPUTADOR PARA USO DOS ALUNOS,Sim,5708,4892,8061,7722,15559,14720,6714,12608,435,0,ESCOLA COM INTERNET E COMPUTADOR PARA USO DOS ALUNOS,Sim,76028,384,7,-,ESCOLA COM INTERNET E COMPUTADOR PARA USO DOS ALUNOS,Sim,29791,42170,-,-,4459,25447,43740,40,-,7193,57327,13013,359,-,5720,47129,3914,-,-,25376,40646,50,-,-,35724,10267,44,-,-,66109,15659,1565,-,-,59196,40859,12285,-,-,23276,ESCOLA COM INTERNET E COMPUTADOR PARA USO DOS ALUNOS,Sim,73372,2686,362,-,-,72962,3457,-,-,-,45473,29948,385,614,-,58480,17374,566,-,-,64147,12087,186,-,-,60516,15027,263,614,-,ESCOLA COM INTERNET E COMPUTADOR PARA USO DOS ALUNOS,Sim,71601,3364,-,-,1454,ESCOLA COM INTERNET E COMPUTADOR PARA USO DOS ALUNOS,Sim,29270,47017,133,-,7574,68709,134,2,74065,2355,-,-,ESCOLA COM INTERNET E COMPUTADOR PARA USO DOS ALUNOS,Sim,67673,8652,95,-,ESCOLA COM INTERNET E COMPUTADOR PARA USO DOS ALUNOS,Sim,23989,50053,2377,-,24634,48630,1928,1227,5235,67585,2834,765,32031,43867,521,-,54505,21677,238,-,57909,18511,19154,53362,3166,737,15414,61005,ESCOLA COM INTERNET E COMPUTADOR PARA USO DOS ALUNOS,Sim,32791,43620,8,-,54287,22125,8,-,49734,26678,8,-,27295,49125,-,-,13127,63259,-,33,6841,69578,-,-,6404,70016,ESCOLA COM INTERNET E COMPUTADOR PARA USO DOS ALUNOS,Sim,8334,29432,20559,13404,3680,83,51,877,8523,32242,16417,10489,2578,83,51,6037,5696,9335,2276,498,323,83,-,58208
Fonte:_Núcleo_de_Informação_e_Coordenação_do_Ponto_BR._(2024)._Pesquisa_sobre_o_uso_das_tecnologias_de_informação_e_comunicação_nos_domicílios_brasileiros:_TIC_Educação_2024_[Tabelas]._Total,Fonte: Núcleo de Informação e Coordenação do Ponto BR. (2024). Pesquisa sobre o uso das tecnologias de informação e comunicação nos domicílios brasileiros: TIC Educação 2024 [Tabelas].,,,,,,Fonte: Núcleo de Informação e Coordenação do Ponto BR. (2024). Pesquisa sobre o uso das tecnologias de informação e comunicação nos domicílios brasileiros: TIC Educação 2024 [Tabelas].,,,,Fonte: Núcleo de Informação e Coordenação do Ponto BR. (2024). Pesquisa sobre o uso das tecnologias de informação e comunicação nos domicílios brasileiros: TIC Educação 2024 [Tabelas].,,,,,,,,,Fonte: Núcleo de Informação e Coordenação do Ponto BR. (2024). Pesquisa sobre o uso das tecnologias de informação e comunicação nos domicílios brasileiros: TIC Educação 2024 [Tabelas].,,,,,,,,,,,,,,Fonte: Núcleo de Informação e Coordenação do Ponto BR. (2024). Pesquisa sobre o uso das tecnologias de informação e comunicação nos domicílios brasileiros: TIC Educação 2024 [Tabelas].,,,,,,,,,,Fonte: Núcleo de Informação e Coordenação do Ponto BR. (2024). Pesquisa sobre o uso das tecnologias de informação e comunicação nos domicílios brasileiros: TIC Educação 2024 [Tabelas].,,,,,,,,,,,,Fonte: Núcleo de Informação e Coordenação do Ponto BR. (2024). Pesquisa sobre o uso das tecnologias de informação e comunicação nos domicílios brasileiros: TIC Educação 2024 [Tabelas].,,,,,,Fonte: Núcleo de Informação e Coordenação do Ponto BR. (2024). Pesquisa sobre o uso das tecnologias de informação e comunicação nos domicílios brasileiros: TIC Educação 2024 [Tabelas].,,,,,,,,,,,,,,,,,,,,,,,,,,,,,,,,,,,,,,,,,,Fonte: Núcleo de Informação e Coordenação do Ponto BR. (2024). Pesquisa sobre o uso das tecnologias de informação e comunicação nos domicílios brasileiros: TIC Educação 2024 [Tabelas].,,,,,,,,,,,,,,,,,,,,,,,,,,,,,,,,Fonte: Núcleo de Informação e Coordenação do Ponto BR. (2024). Pesquisa sobre o uso das tecnologias de informação e comunicação nos domicílios brasileiros: TIC Educação 2024 [Tabelas].,,,,,,,Fonte: Núcleo de Informação e Coordenação do Ponto BR. (2024). Pesquisa sobre o uso das tecnologias de informação e comunicação nos domicílios brasileiros: TIC Educação 2024 [Tabelas].,,,,,,,,,,,,,,Fonte: Núcleo de Informação e Coordenação do Ponto BR. (2024). Pesquisa sobre o uso das tecnologias de informação e comunicação nos domicílios brasileiros: TIC Educação 2024 [Tabelas].,,,,,,Fonte: Núcleo de Informação e Coordenação do Ponto BR. (2024). Pesquisa sobre o uso das tecnologias de informação e comunicação nos domicílios brasileiros: TIC Educação 2024 [Tabelas].,,,,,,,,,,,,,,,,,,,,,,,,,,,,,,Fonte: Núcleo de Informação e Coordenação do Ponto BR. (2024). Pesquisa sobre o uso das tecnologias de informação e comunicação nos domicílios brasileiros: TIC Educação 2024 [Tabelas].,,,,,,,,,,,,,,,,,,,,,,,,,,,,Fonte: Núcleo de Informação e Coordenação do Ponto BR. (2024). Pesquisa sobre o uso das tecnologias de informação e comunicação nos domicílios brasileiros: TIC Educação 2024 [Tabelas].,,,,,,,,,,,,,,,,,,,,,,,,,
LOCALIZAÇÃO_Capital,LOCALIZAÇÃO,Capital,17286,339,-,-,LOCALIZAÇÃO,Capital,17532,93,LOCALIZAÇÃO,Capital,4293,1497,2507,542,1078,1663,5952,LOCALIZAÇÃO,Capital,16620,912,-,-,15714,1818,-,-,9850,7682,-,-,LOCALIZAÇÃO,Capital,6223,26,209,1976,8331,521,0,0,LOCALIZAÇÃO,Capital,354,1258,1572,1769,2638,2927,2577,4191,0,0,LOCALIZAÇÃO,Capital,16990,289,7,-,LOCALIZAÇÃO,Capital,6350,10037,-,-,898,3932,11828,40,-,1485,10226,4499,7,-,2553,9895,1402,-,-,5989,7545,0,-,-,9740,3198,44,-,-,14044,4374,277,-,-,12634,8307,2082,-,-,6897,LOCALIZAÇÃO,Capital,16174,1451,0,-,-,16102,1523,-,-,-,9060,8506,59,0,-,13075,4543,7,-,-,14874,2625,126,-,-,11788,5837,0,0,-,LOCALIZAÇÃO,Capital,15528,872,-,-,1225,LOCALIZAÇÃO,Capital,8611,8983,30,-,2470,15060,55,40,15906,1719,-,-,LOCALIZAÇÃO,Capital,15178,2352,95,-,LOCALIZAÇÃO,Capital,5147,12124,354,-,5141,12113,370,0,1336,15798,491,0,6551,11029,44,-,10964,6473,188,-,11882,5743,2777,14323,523,2,5028,12597,LOCALIZAÇÃO,Capital,8622,8995,8,-,13763,3854,8,-,9512,8105,8,-,6445,11180,-,-,2985,14640,-,0,1688,15937,-,-,749,16876,LOCALIZAÇÃO,Capital,2256,4347,4793,4745,1347,65,0,72,1753,6451,3431,3358,923,65,0,1643,927,1935,345,278,89,65,-,13986
LOCALIZAÇÃO_Interior,LOCALIZAÇÃO,Interior,107382,4966,-,-,LOCALIZAÇÃO,Interior,97770,14578,LOCALIZAÇÃO,Interior,29982,18245,12783,4779,7430,7442,17109,LOCALIZAÇÃO,Interior,86477,11293,-,-,84072,13698,-,-,30355,67415,-,-,LOCALIZAÇÃO,Interior,21818,5831,10775,5976,57912,3628,1442,0,LOCALIZAÇÃO,Interior,11999,9547,15261,9767,16247,16024,7079,21023,435,0,LOCALIZAÇÃO,Interior,106313,1069,0,-,LOCALIZAÇÃO,Interior,34971,51366,-,-,21046,28299,47055,0,-,32028,68608,25928,352,-,12494,43469,5146,-,-,58767,33284,110,-,-,73988,7170,159,-,-,100053,12206,1457,-,-,93719,48109,15182,-,-,44091,LOCALIZAÇÃO,Interior,101273,10714,362,-,-,104572,7776,-,-,-,55991,55418,326,614,-,77206,34583,559,-,-,80929,31310,110,-,-,82277,28495,263,1314,-,LOCALIZAÇÃO,Interior,96142,11453,-,-,4752,LOCALIZAÇÃO,Interior,29493,82613,242,-,6685,105584,79,0,90605,21743,-,-,LOCALIZAÇÃO,Interior,77781,34567,0,-,LOCALIZAÇÃO,Interior,25638,84447,2263,-,26791,82291,2038,1227,5959,102858,2766,765,32757,79076,515,-,61450,50848,50,-,65259,47089,26729,80525,2985,2109,16555,95793,LOCALIZAÇÃO,Interior,65802,46546,0,-,90954,21394,0,-,58494,53854,0,-,25952,86396,-,-,19074,93240,-,33,5230,107118,-,-,6482,105866,LOCALIZAÇÃO,Interior,34663,41674,19874,9841,2700,18,51,3527,27510,40537,16452,7932,1983,18,51,17864,11145,9489,2109,301,234,18,-,89051
NÍVEL_DE_ENSINO_MAIS_ELEVADO_OFERTADO_Até_Ensino_Médio_ou_Educação_Profissional,NÍVEL DE ENSINO MAIS ELEVADO OFERTADO,Até Ensino Médio ou Educação Profissional,30916,0,-,-,NÍVEL DE ENSINO MAIS ELEVADO OFERTADO,Até Ensino Médio ou Educação Profissional,29751,1165,NÍVEL DE ENSINO MAIS ELEVADO OFERTADO,Até Ensino Médio ou Educação Profissional,2940,1965,3372,2058,3269,2771,13374,NÍVEL DE ENSINO MAIS ELEVADO OFERTADO,Até Ensino Médio ou Educação Profissional,29253,498,-,-,28562,1189,-,-,13163,16588,-,-,NÍVEL DE ENSINO MAIS ELEVADO OFERTADO,Até Ensino Médio ou Educação Profissional,6529,625,1238,2622,18699,1202,0,0,NÍVEL DE ENSINO MAIS ELEVADO OFERTADO,Até Ensino Médio ou Educação Profissional,1858,1571,2905,2513,6450,5036,4015,6512,56,0,NÍVEL DE ENSINO MAIS ELEVADO OFERTADO,Até Ensino Médio ou Educação Profissional,30652,257,7,-,NÍVEL DE ENSINO MAIS ELEVADO OFERTADO,Até Ensino Médio ou Educação Profissional,13903,15277,-,-,1736,11271,17528,0,-,2117,22352,5051,359,-,3154,21692,553,-,-,8670,18052,30,-,-,12834,5652,184,-,-,25080,8118,1293,-,-,21504,18856,2437,-,-,9623,NÍVEL DE ENSINO MAIS ELEVADO OFERTADO,Até Ensino Médio ou Educação Profissional,30281,635,0,-,-,30463,453,-,-,-,18531,12102,283,0,-,26835,4074,7,-,-,25360,5468,87,-,-,23763,6933,220,0,-,NÍVEL DE ENSINO MAIS ELEVADO OFERTADO,Até Ensino Médio ou Educação Profissional,30454,79,-,-,383,NÍVEL DE ENSINO MAIS ELEVADO OFERTADO,Até Ensino Médio ou Educação Profissional,16196,14660,60,-,4580,26199,134,2,29560,1356,-,-,NÍVEL DE ENSINO MAIS ELEVADO OFERTADO,Até Ensino Médio ou Educação Profissional,29011,1836,69,-,NÍVEL DE ENSINO MAIS ELEVADO OFERTADO,Até Ensino Médio ou Educação Profissional,12710,17620,585,-,11801,18075,1040,0,3335,25994,1436,151,15777,14979,160,-,22109,8641,166,-,23149,7767,6209,23667,1037,2,7060,23856,NÍVEL DE ENSINO MAIS ELEVADO OFERTADO,Até Ensino Médio ou Educação Profissional,9426,21482,8,-,13764,17144,8,-,24671,6237,8,-,29576,1340,-,-,9071,21812,-,33,6851,24065,-,-,3933,26983,NÍVEL DE ENSINO MAIS ELEVADO OFERTADO,Até Ensino Médio ou Educação Profissional,2080,8818,9173,7504,2730,83,51,476,4060,10552,6803,5000,1950,83,51,2416,4094,7318,2257,579,323,83,-,16261
NÍVEL_DE_ENSINO_MAIS_ELEVADO_OFERTADO_Até_anos_finais_do_Ensino_Fundamental,NÍVEL DE ENSINO MAIS ELEVADO OFERTADO,Até anos finais do Ensino Fundamental,41254,1845,-,-,NÍVEL DE ENSINO MAIS ELEVADO OFERTADO,Até anos finais do Ensino Fundamental,39011,4088,NÍVEL DE ENSINO MAIS ELEVADO OFERTADO,Até anos finais do Ensino Fundamental,8751,9432,6988,2070,2821,2812,6138,NÍVEL DE ENSINO MAIS ELEVADO OFERTADO,Até anos finais do Ensino Fundamental,37140,1871,-,-,32431,6580,-,-,11826,27185,-,-,NÍVEL DE ENSINO MAIS ELEVADO OFERTADO,Até anos finais do Ensino Fundamental,7019,1802,5246,1895,24858,434,0,0,NÍVEL DE ENSINO MAIS ELEVADO OFERTADO,Até anos finais do Ensino Fundamental,7646,3896,3994,3442,7054,6123,2794,6193,111,0,NÍVEL DE ENSINO MAIS ELEVADO OFERTADO,Até anos finais do Ensino Fundamental,41015,239,0,-,NÍVEL DE ENSINO MAIS ELEVADO OFERTADO,Até anos finais do Ensino Fundamental,12150,22363,-,-,6741,10444,20273,0,-,10537,26036,9114,0,-,6104,16781,1677,-,-,22795,14486,55,-,-,26713,3109,0,-,-,38144,4725,310,-,-,36218,18574,4681,-,-,17999,NÍVEL DE ENSINO MAIS ELEVADO OFERTADO,Até anos finais do Ensino Fundamental,38515,4222,362,-,-,39585,3514,-,-,-,20516,21927,43,614,-,26445,16324,330,-,-,29978,13022,99,-,-,28271,13472,43,1314,-,NÍVEL DE ENSINO MAIS ELEVADO OFERTADO,Até anos finais do Ensino Fundamental,34449,6525,-,-,2125,NÍVEL DE ENSINO MAIS ELEVADO OFERTADO,Até anos finais do Ensino Fundamental,10612,32414,73,-,2860,40239,0,0,37509,5590,-,-,NÍVEL DE ENSINO MAIS ELEVADO OFERTADO,Até anos finais do Ensino Fundamental,30332,12767,0,-,NÍVEL DE ENSINO MAIS ELEVADO OFERTADO,Até anos finais do Ensino Fundamental,9492,32746,861,-,8295,33396,181,1227,1416,40697,372,614,14086,28948,65,-,21809,21290,0,-,24604,18495,7272,32947,1983,898,6075,37024,NÍVEL DE ENSINO MAIS ELEVADO OFERTADO,Até anos finais do Ensino Fundamental,24178,18921,0,-,34995,8104,0,-,42701,398,0,-,2595,40504,-,-,6859,36240,-,0,68,43031,-,-,720,42379,NÍVEL DE ENSINO MAIS ELEVADO OFERTADO,Até anos finais do Ensino Fundamental,7842,19733,8773,4615,999,0,0,1137,10145,18242,6999,3735,796,0,0,3182,3044,3475,123,0,0,0,-,36458
NÍVEL_DE_ENSINO_MAIS_ELEVADO_OFERTADO_Até_anos_iniciais_do_Ensino_Fundamental,NÍVEL DE ENSINO MAIS ELEVADO OFERTADO,Até anos iniciais do Ensino Fundamental,52498,3460,-,-,NÍVEL DE ENSINO MAIS ELEVADO OFERTADO,Até anos iniciais do Ensino Fundamental,46540,9418,NÍVEL DE ENSINO MAIS ELEVADO OFERTADO,Até anos iniciais do Ensino Fundamental,22583,8345,4931,1193,2418,3521,3548,NÍVEL DE ENSINO MAIS ELEVADO OFERTADO,Até anos iniciais do Ensino Fundamental,36704,9836,-,-,38794,7746,-,-,15216,31324,-,-,NÍVEL DE ENSINO MAIS ELEVADO OFERTADO,Até anos iniciais do Ensino Fundamental,14494,3430,4500,3434,22685,2514,1442,0,NÍVEL DE ENSINO MAIS ELEVADO OFERTADO,Até anos iniciais do Ensino Fundamental,2850,5337,9934,5581,5381,7792,2846,12509,268,0,NÍVEL DE ENSINO MAIS ELEVADO OFERTADO,Até anos iniciais do Ensino Fundamental,51636,862,0,-,NÍVEL DE ENSINO MAIS ELEVADO OFERTADO,Até anos iniciais do Ensino Fundamental,15268,23763,-,-,13467,10516,21084,40,-,20858,30447,16261,0,-,5790,14891,4317,-,-,33291,8292,25,-,-,44181,1606,19,-,-,50873,3737,131,-,-,48630,18986,10147,-,-,23366,NÍVEL DE ENSINO MAIS ELEVADO OFERTADO,Até anos iniciais do Ensino Fundamental,48650,7308,0,-,-,50625,5333,-,-,-,26004,29895,59,0,-,37001,18729,229,-,-,40464,15445,50,-,-,42032,13926,0,0,-,NÍVEL DE ENSINO MAIS ELEVADO OFERTADO,Até anos iniciais do Ensino Fundamental,46767,5722,-,-,3469,NÍVEL DE ENSINO MAIS ELEVADO OFERTADO,Até anos iniciais do Ensino Fundamental,11296,44523,139,-,1715,54205,0,37,39443,16515,-,-,NÍVEL DE ENSINO MAIS ELEVADO OFERTADO,Até anos iniciais do Ensino Fundamental,33616,22316,26,-,NÍVEL DE ENSINO MAIS ELEVADO OFERTADO,Até anos iniciais do Ensino Fundamental,8583,46204,1170,-,11837,42933,1188,0,2544,51964,1449,0,9445,46178,335,-,28496,27391,72,-,29388,26570,16025,38234,487,1211,8449,47509,NÍVEL DE ENSINO MAIS ELEVADO OFERTADO,Até anos iniciais do Ensino Fundamental,40820,15138,0,-,55958,0,0,-,635,55323,0,-,225,55733,-,-,6130,49828,-,0,0,55958,-,-,2578,53380,NÍVEL DE ENSINO MAIS ELEVADO OFERTADO,Até anos iniciais do Ensino Fundamental,26997,17470,6722,2467,317,0,0,1985,15059,18194,6081,2555,161,0,0,13908,4934,632,73,0,0,0,-,50319
PORTE_Até_50_matrículas,PORTE,Até 50 matrículas,22973,3477,-,-,PORTE,Até 50 matrículas,18285,8166,PORTE,Até 50 matrículas,13151,3428,788,695,223,0,0,PORTE,Até 50 matrículas,10406,7879,-,-,11660,6624,-,-,2480,15805,-,-,PORTE,Até 50 matrículas,6119,3849,4911,603,5208,1932,352,0,PORTE,Até 50 matrículas,4083,5893,3291,1351,473,898,111,6762,111,0,PORTE,Até 50 matrículas,22842,131,0,-,PORTE,Até 50 matrículas,8440,4702,-,-,9831,6429,2205,0,-,14339,12695,7358,0,-,2920,3529,1223,-,-,18222,1126,0,-,-,21847,390,0,-,-,22584,0,0,-,-,22973,10137,952,-,-,11884,PORTE,Até 50 matrículas,20095,6355,0,-,-,23490,2961,-,-,-,8693,17757,0,0,-,15264,11186,0,-,-,13298,13153,0,-,-,17334,8416,0,700,-,PORTE,Até 50 matrículas,18726,5721,-,-,2003,PORTE,Até 50 matrículas,1678,24772,0,-,277,26173,0,0,11273,15178,-,-,PORTE,Até 50 matrículas,7675,18775,0,-,PORTE,Até 50 matrículas,928,25377,146,-,3338,22716,397,0,416,26035,0,0,2283,24168,0,-,8820,17631,0,-,9209,17241,3604,22847,0,0,2213,24238,PORTE,Até 50 matrículas,21633,4818,0,-,26228,223,0,-,6044,20407,0,-,649,25802,-,-,744,25707,-,0,0,26451,-,-,0,26451,PORTE,Até 50 matrículas,23242,937,0,0,0,0,0,2272,11778,0,0,0,0,0,0,14672,744,0,0,0,0,0,-,25707
PORTE_De_151_a_300_matrículas,PORTE,De 151 a 300 matrículas,28853,0,-,-,PORTE,De 151 a 300 matrículas,28749,105,PORTE,De 151 a 300 matrículas,7673,5738,4200,1792,3324,1308,4715,PORTE,De 151 a 300 matrículas,26923,1826,-,-,25293,3456,-,-,7694,21055,-,-,PORTE,De 151 a 300 matrículas,4654,529,2515,2106,18902,148,0,0,PORTE,De 151 a 300 matrículas,3381,2666,3778,3908,5139,3331,3073,3309,268,0,PORTE,De 151 a 300 matrículas,28780,73,0,-,PORTE,De 151 a 300 matrículas,8858,17631,-,-,2364,7116,16628,0,-,5109,19606,5340,0,-,3908,15157,812,-,-,12885,10333,0,-,-,18520,2434,116,-,-,26304,4405,64,-,-,24385,12809,3670,-,-,12375,PORTE,De 151 a 300 matrículas,28363,490,0,-,-,27281,1572,-,-,-,14487,13693,59,614,-,19654,8740,460,-,-,22321,6457,76,-,-,20876,7363,0,614,-,PORTE,De 151 a 300 matrículas,26428,2150,-,-,276,PORTE,De 151 a 300 matrículas,7679,21035,139,-,2538,26308,6,0,27054,1800,-,-,PORTE,De 151 a 300 matrículas,24362,4422,69,-,PORTE,De 151 a 300 matrículas,6807,21023,1023,-,5627,21026,973,1227,714,26700,825,614,9309,19379,166,-,18717,9968,168,-,20261,8593,7921,19524,510,898,2903,25951,PORTE,De 151 a 300 matrículas,13868,14985,0,-,21598,7256,0,-,18849,10005,0,-,7756,21097,-,-,4098,24755,-,0,728,28126,-,-,1393,27460,PORTE,De 151 a 300 matrículas,72,22847,5303,418,0,0,0,213,1236,21844,3197,125,0,0,0,2451,4337,868,108,0,0,0,-,23539
PORTE_De_301_a_500_matrículas,PORTE,De 301 a 500 matrículas,24252,79,-,-,PORTE,De 301 a 500 matrículas,24227,105,PORTE,De 301 a 500 matrículas,4370,2701,3784,1383,2225,4404,5360,PORTE,De 301 a 500 matrículas,23633,594,-,-,22543,1684,-,-,9942,14285,-,-,PORTE,De 301 a 500 matrículas,5402,155,6,2147,15779,763,0,0,PORTE,De 301 a 500 matrículas,1456,573,3715,1922,4852,4768,975,5991,0,0,PORTE,De 301 a 500 matrículas,24252,0,0,-,PORTE,De 301 a 500 matrículas,8509,14302,-,-,1441,6332,16233,0,-,1687,16512,4712,352,-,2676,11777,1527,-,-,10948,11254,0,-,-,12999,1989,0,-,-,22263,5100,35,-,-,19118,12999,3716,-,-,7537,PORTE,De 301 a 500 matrículas,23196,773,362,-,-,23132,1199,-,-,-,12894,11112,326,0,-,18099,6233,0,-,-,20900,3431,0,-,-,19719,4350,263,0,-,PORTE,De 301 a 500 matrículas,22695,864,-,-,773,PORTE,De 301 a 500 matrículas,8848,15441,43,-,2426,21905,0,0,23834,498,-,-,PORTE,De 301 a 500 matrículas,21267,3064,0,-,PORTE,De 301 a 500 matrículas,5632,18001,699,-,8838,15139,354,0,1114,22195,1023,0,9320,14973,38,-,16266,8066,0,-,17014,7317,6018,17212,981,121,5603,18728,PORTE,De 301 a 500 matrículas,10804,13519,8,-,17561,6763,8,-,14492,9831,8,-,8186,16145,-,-,5709,18623,-,0,1087,23245,-,-,1894,22438,PORTE,De 301 a 500 matrículas,0,10553,11099,2512,12,0,51,105,1097,13250,7162,1935,12,0,51,825,3066,3649,145,40,12,0,-,17420
PORTE_De_501_a_1.000_matrículas,PORTE,De 501 a 1.000 matrículas,19387,54,-,-,PORTE,De 501 a 1.000 matrículas,19441,0,PORTE,De 501 a 1.000 matrículas,2042,2288,2233,969,1569,1674,8667,PORTE,De 501 a 1.000 matrículas,19243,198,-,-,17608,1833,-,-,11619,7822,-,-,PORTE,De 501 a 1.000 matrículas,5644,79,244,1682,11426,310,0,0,PORTE,De 501 a 1.000 matrículas,471,399,1694,2085,4225,4686,2319,3453,56,0,PORTE,De 501 a 1.000 matrículas,19046,334,7,-,PORTE,De 501 a 1.000 matrículas,6816,11494,-,-,1076,5180,13277,40,-,889,12700,4542,7,-,2137,12864,1696,-,-,4827,10936,82,-,-,8369,3847,44,-,-,15496,3904,1198,-,-,14285,8775,2346,-,-,8265,PORTE,De 501 a 1.000 matrículas,18611,830,0,-,-,19083,358,-,-,-,11523,7918,0,0,-,15366,4068,7,-,-,17182,2248,11,-,-,14611,4830,0,0,-,PORTE,De 501 a 1.000 matrículas,18626,554,-,-,261,PORTE,De 501 a 1.000 matrículas,7804,11577,60,-,2716,16597,128,0,19314,127,-,-,PORTE,De 501 a 1.000 matrículas,17473,1942,26,-,PORTE,De 501 a 1.000 matrículas,7823,11103,515,-,6297,12558,587,0,2263,15901,1126,151,9500,9627,314,-,12906,6506,28,-,14001,5440,6032,12370,1039,0,3541,15900,PORTE,De 501 a 1.000 matrículas,6919,12522,0,-,12844,6597,0,-,13207,6234,0,-,8259,11182,-,-,6040,13368,-,33,3448,15993,-,-,2303,17138,PORTE,De 501 a 1.000 matrículas,0,1204,7627,9756,771,83,0,0,32,2784,8574,7264,585,83,0,119,731,5409,462,72,17,83,-,12666
PORTE_De_51_a_150_matrículas,PORTE,De 51 a 150 matrículas,23621,1695,-,-,PORTE,De 51 a 150 matrículas,19021,6296,PORTE,De 51 a 150 matrículas,6824,5381,3856,365,944,1272,379,PORTE,De 51 a 150 matrículas,17343,1678,-,-,17304,1717,-,-,4481,14539,-,-,PORTE,De 51 a 150 matrículas,4803,1245,3224,1022,11341,897,1090,0,PORTE,De 51 a 150 matrículas,2544,1116,3661,2094,3169,3615,2603,4818,0,0,PORTE,De 51 a 150 matrículas,22909,712,0,-,PORTE,De 51 a 150 matrículas,6881,9716,-,-,7024,5303,7171,0,-,11148,13236,7461,0,-,2924,5995,807,-,-,16819,3402,0,-,-,20219,585,0,-,-,23036,1372,122,-,-,22127,9126,5625,-,-,8871,PORTE,De 51 a 150 matrículas,21600,3716,0,-,-,22135,3182,-,-,-,14098,11218,0,0,-,17402,7816,99,-,-,16908,8310,99,-,-,17567,7750,0,0,-,PORTE,De 51 a 150 matrículas,19616,3037,-,-,2664,PORTE,De 51 a 150 matrículas,9706,15611,0,-,811,24468,0,37,19468,5848,-,-,PORTE,De 51 a 150 matrículas,17063,8253,0,-,PORTE,De 51 a 150 matrículas,6833,18463,21,-,5823,19394,99,0,2047,23171,99,0,5554,19763,0,-,11875,13441,0,-,12253,13063,4638,19210,378,1090,6203,19113,PORTE,De 51 a 150 matrículas,20013,5304,0,-,23592,1724,0,-,10833,14484,0,-,3637,21680,-,-,3504,21812,-,0,168,25148,-,-,742,24575,PORTE,De 51 a 150 matrículas,13606,10479,222,0,0,0,0,1009,15122,8744,11,0,0,0,0,1440,3176,395,0,0,0,0,-,21745
PORTE_Mais_de_1.000_matrículas,PORTE,Mais de 1.000 matrículas,5580,0,-,-,PORTE,Mais de 1.000 matrículas,5580,0,PORTE,Mais de 1.000 matrículas,214,208,431,118,223,446,3940,PORTE,Mais de 1.000 matrículas,5551,30,-,-,5379,201,-,-,3989,1592,-,-,PORTE,Mais de 1.000 matrículas,1419,0,84,392,3586,99,0,0,PORTE,Mais de 1.000 matrículas,418,158,694,176,1027,1652,575,881,0,0,PORTE,Mais de 1.000 matrículas,5473,107,0,-,PORTE,Mais de 1.000 matrículas,1817,3558,-,-,206,1870,3369,0,-,341,4085,1014,0,-,482,4043,482,-,-,1055,3779,28,-,-,1774,1122,44,-,-,4414,1800,316,-,-,3464,2570,955,-,-,2055,PORTE,Mais de 1.000 matrículas,5580,0,0,-,-,5553,27,-,-,-,3356,2225,0,0,-,4496,1084,0,-,-,5194,337,50,-,-,3958,1622,0,0,-,PORTE,Mais de 1.000 matrículas,5580,0,-,-,0,PORTE,Mais de 1.000 matrículas,2389,3161,30,-,387,5191,0,2,5570,11,-,-,PORTE,Mais de 1.000 matrículas,5120,461,0,-,PORTE,Mais de 1.000 matrículas,2763,2605,213,-,2009,3571,0,0,742,4653,185,0,3343,2197,41,-,3830,1709,41,-,4403,1177,1293,3686,599,2,1121,4459,PORTE,Mais de 1.000 matrículas,1187,4393,0,-,2895,2685,0,-,4582,999,0,-,3909,1671,-,-,1965,3615,-,0,1488,4093,-,-,899,4681,PORTE,Mais de 1.000 matrículas,0,0,416,1900,3264,0,0,0,0,365,940,1966,2309,0,0,0,18,1104,1738,467,294,0,-,1961
REGIÃO_Centro-Oeste,REGIÃO,Centro-Oeste,7726,0,-,-,REGIÃO,Centro-Oeste,7501,225,REGIÃO,Centro-Oeste,1478,872,1099,596,385,734,2336,REGIÃO,Centro-Oeste,7501,0,-,-,6236,1266,-,-,2305,5196,-,-,REGIÃO,Centro-Oeste,2295,649,15,964,3712,91,0,0,REGIÃO,Centro-Oeste,295,489,432,809,1362,1999,867,1418,56,0,REGIÃO,Centro-Oeste,7599,127,0,-,REGIÃO,Centro-Oeste,2969,3893,-,-,864,2864,4122,0,-,740,4733,1828,0,-,1165,3944,918,-,-,2864,1736,55,-,-,5935,1038,44,-,-,6644,680,30,-,-,7016,3887,1437,-,-,2403,REGIÃO,Centro-Oeste,7395,331,0,-,-,7363,363,-,-,-,5408,2318,0,0,-,6035,1691,0,-,-,6699,971,56,-,-,5458,2268,0,0,-,REGIÃO,Centro-Oeste,7283,186,-,-,257,REGIÃO,Centro-Oeste,3207,4519,0,-,1376,6343,6,0,7069,657,-,-,REGIÃO,Centro-Oeste,6927,799,0,-,REGIÃO,Centro-Oeste,3134,4592,0,-,2063,5663,0,0,810,6859,56,0,2513,5098,116,-,5144,2561,22,-,5292,2434,3248,4446,32,0,2887,4839,REGIÃO,Centro-Oeste,4097,3629,0,-,5466,2260,0,-,5021,2705,0,-,3437,4289,-,-,1249,6477,-,0,698,7028,-,-,317,7409,REGIÃO,Centro-Oeste,402,3293,2221,1178,480,0,0,153,828,2952,1895,940,318,0,0,793,674,577,339,6,2,0,-,6127
REGIÃO_Nordeste,REGIÃO,Nordeste,48711,870,-,-,REGIÃO,Nordeste,42916,6665,REGIÃO,Nordeste,20864,9757,2982,1967,754,2457,4134,REGIÃO,Nordeste,32696,10219,-,-,37463,5453,-,-,11898,31018,-,-,REGIÃO,Nordeste,12694,2197,4503,2165,23087,2624,1442,0,REGIÃO,Nordeste,3597,5785,10733,4635,6679,3381,3287,10345,268,0,REGIÃO,Nordeste,48560,151,0,-,REGIÃO,Nordeste,17022,19000,-,-,12689,11957,17933,40,-,18780,31678,11577,352,-,5103,16646,432,-,-,31633,6698,30,-,-,41983,2135,19,-,-,46556,3912,346,-,-,44453,24930,5078,-,-,18702,REGIÃO,Nordeste,45049,4532,0,-,-,45551,4030,-,-,-,21534,27092,342,614,-,33277,16304,0,-,-,33870,15711,0,-,-,35747,13221,0,614,-,REGIÃO,Nordeste,42380,5728,-,-,1473,REGIÃO,Nordeste,10981,38569,30,-,2708,46833,0,40,39252,10329,-,-,REGIÃO,Nordeste,33682,15899,0,-,REGIÃO,Nordeste,6037,42842,701,-,10218,38096,40,1227,2497,45783,537,765,11731,37809,41,-,26801,22739,41,-,28440,21141,8970,38158,442,2011,7055,42526,REGIÃO,Nordeste,32232,17349,0,-,41135,8446,0,-,19037,30544,0,-,6985,42596,-,-,12283,37298,-,0,1211,48370,-,-,2119,47462,REGIÃO,Nordeste,17141,19555,7977,2717,618,18,0,1554,11900,19004,4923,2294,531,18,0,10912,6305,4989,298,214,18,18,-,37738
REGIÃO_Norte,REGIÃO,Norte,15884,3641,-,-,REGIÃO,Norte,13087,6438,REGIÃO,Norte,5482,3217,1799,498,489,235,1368,REGIÃO,Norte,12514,573,-,-,7030,6058,-,-,2374,10713,-,-,REGIÃO,Norte,1950,1401,4344,303,7526,360,0,0,REGIÃO,Norte,4500,2309,490,1127,1724,1864,895,2976,0,0,REGIÃO,Norte,15168,716,0,-,REGIÃO,Norte,3495,6936,-,-,5453,2635,5865,0,-,7383,6947,4773,0,-,4164,3597,770,-,-,11517,3704,0,-,-,12180,233,0,-,-,15650,589,184,-,-,15111,4979,1959,-,-,8945,REGIÃO,Norte,15989,3536,0,-,-,17792,1733,-,-,-,7766,11759,0,0,-,11652,7642,231,-,-,10780,8671,74,-,-,10500,8325,0,700,-,REGIÃO,Norte,13993,3868,-,-,1664,REGIÃO,Norte,4503,15022,0,-,1617,17840,68,0,12087,7438,-,-,REGIÃO,Norte,8431,10998,95,-,REGIÃO,Norte,3927,15416,182,-,3191,16200,134,0,473,18913,139,0,2883,16550,91,-,6162,13313,50,-,6437,13088,5157,14234,134,0,2550,16975,REGIÃO,Norte,12777,6748,0,-,16884,2641,0,-,13217,6308,0,-,5312,14213,-,-,3048,16477,-,0,294,19231,-,-,409,19116,REGIÃO,Norte,8798,6579,1593,1322,533,0,0,700,7867,5104,1677,1166,254,0,0,3456,2380,1126,76,94,16,0,-,15833
REGIÃO_Sudeste,REGIÃO,Sudeste,36684,794,-,-,REGIÃO,Sudeste,36475,1003,REGIÃO,Sudeste,5161,4639,7161,1211,5260,3317,9727,REGIÃO,Sudeste,35453,1022,-,-,33795,2680,-,-,16185,20290,-,-,REGIÃO,Sudeste,8831,1219,800,3999,21145,689,0,0,REGIÃO,Sudeste,2992,1482,3917,3284,4433,8546,3174,8855,0,0,REGIÃO,Sudeste,36424,254,7,-,REGIÃO,Sudeste,11158,23042,-,-,2485,8290,22971,0,-,5423,22617,10232,7,-,3828,17783,3683,-,-,15218,20160,25,-,-,16500,4376,97,-,-,32211,7839,1096,-,-,27749,14666,6739,-,-,15279,REGIÃO,Sudeste,34185,3250,43,-,-,34452,3026,-,-,-,19399,18036,43,0,-,27677,9566,235,-,-,31976,5495,7,-,-,29319,7896,263,0,-,REGIÃO,Sudeste,32627,2268,-,-,2582,REGIÃO,Sudeste,13004,24371,103,-,2295,35123,60,0,33206,4272,-,-,REGIÃO,Sudeste,30937,6541,0,-,REGIÃO,Sudeste,14720,21811,947,-,13393,22240,1846,0,1409,34380,1689,0,13090,24077,311,-,22694,14659,125,-,23617,13861,9239,26572,1667,0,5232,32246,REGIÃO,Sudeste,17969,19501,8,-,28153,9317,8,-,21174,16296,8,-,11517,25961,-,-,4429,33015,-,33,3101,34377,-,-,3534,33944,REGIÃO,Sudeste,7500,11452,10018,6933,1007,65,51,451,4617,14232,8487,5506,699,65,51,3821,2502,3553,848,237,121,65,-,30151
REGIÃO_Sul,REGIÃO,Sul,15663,0,-,-,REGIÃO,Sul,15323,340,REGIÃO,Sul,1290,1258,2250,1049,1620,2361,5496,REGIÃO,Sul,14932,391,-,-,15264,59,-,-,7443,7880,-,-,REGIÃO,Sul,2272,391,1322,521,10773,385,0,0,REGIÃO,Sul,969,741,1261,1680,4686,3162,1433,1620,111,0,REGIÃO,Sul,15553,110,0,-,REGIÃO,Sul,6678,8532,-,-,453,6484,7992,0,-,1186,12860,2017,0,-,786,11394,745,-,-,3524,8532,0,-,-,7131,2585,44,-,-,13034,3560,79,-,-,12024,7954,2051,-,-,5658,REGIÃO,Sul,14828,516,319,-,-,15517,146,-,-,-,10944,4719,0,0,-,11640,3924,99,-,-,12478,3086,99,-,-,13041,2622,0,0,-,REGIÃO,Sul,15388,275,-,-,0,REGIÃO,Sul,6409,9115,139,-,1159,14504,0,0,14898,765,-,-,REGIÃO,Sul,12982,2681,0,-,REGIÃO,Sul,2967,11910,787,-,3068,12205,390,0,2106,12721,836,0,9092,6571,0,-,11614,4049,0,-,13355,2308,2892,11438,1232,101,3859,11804,REGIÃO,Sul,7348,8315,0,-,13080,2583,0,-,9557,6106,0,-,5145,10518,-,-,1050,14613,-,0,1614,14049,-,-,852,14811,REGIÃO,Sul,3078,5143,2858,2436,1408,0,0,741,4053,5696,2902,1384,1104,0,0,524,212,1178,892,27,166,0,-,13188
TOTAL_Total,TOTAL,Total,124668,5305,-,-,TOTAL,Total,115302,14671,TOTAL,Total,34275,19743,15291,5321,8508,9104,23060,TOTAL,Total,103097,12205,-,-,99787,15515,-,-,40205,75097,-,-,TOTAL,Total,28042,5857,10984,7952,66242,4149,1442,0,TOTAL,Total,12353,10805,16833,11536,18884,18951,9656,25214,435,0,TOTAL,Total,123303,1358,7,-,TOTAL,Total,41321,61403,-,-,21944,32231,58884,40,-,33513,78834,30427,359,-,15047,53364,6547,-,-,64756,40830,110,-,-,83728,10368,203,-,-,114097,16580,1735,-,-,106353,56416,17264,-,-,50988,TOTAL,Total,117447,12165,362,-,-,120674,9299,-,-,-,65051,63924,385,614,-,90281,39127,566,-,-,95803,33935,236,-,-,94065,34331,263,1314,-,TOTAL,Total,111670,12326,-,-,5977,TOTAL,Total,38104,91597,272,-,9155,120644,134,40,106512,23461,-,-,TOTAL,Total,92959,36918,95,-,TOTAL,Total,30785,96571,2617,-,31932,94405,2409,1227,7295,118656,3257,765,39308,90106,559,-,72414,57321,238,-,77141,52832,29506,94848,3508,2111,21584,108389,TOTAL,Total,74424,55541,8,-,104717,25248,8,-,68006,61959,8,-,32396,97577,-,-,22060,107880,-,33,6919,123054,-,-,7231,122742,TOTAL,Total,36919,46021,24667,14586,4047,83,51,3598,29264,46988,19884,11290,2907,83,51,19507,12072,11424,2454,579,323,83,-,103038
ÁREA_Rural,ÁREA,Rural,41851,5101,-,-,ÁREA,Rural,32353,14599,ÁREA,Rural,16933,7765,3373,1019,1319,758,1185,ÁREA,Rural,23973,8380,-,-,23792,8561,-,-,6017,26335,-,-,ÁREA,Rural,8390,5401,9631,699,13709,2931,1090,0,ÁREA,Rural,7729,8333,8097,2883,2009,1694,1074,9921,111,0,ÁREA,Rural,41043,808,0,-,ÁREA,Rural,13229,11805,-,-,16817,10988,6201,0,-,24663,26267,10563,0,-,5022,8409,201,-,-,33240,4297,0,-,-,37554,1424,0,-,-,40428,786,90,-,-,40976,18058,4346,-,-,19447,ÁREA,Rural,39103,7806,43,-,-,43283,3669,-,-,-,20571,26338,43,0,-,30642,16211,99,-,-,27364,19420,168,-,-,30324,15885,43,700,-,ÁREA,Rural,38794,4714,-,-,3445,ÁREA,Rural,4592,42317,43,-,880,46021,13,37,26783,20169,-,-,ÁREA,Rural,19476,27407,69,-,ÁREA,Rural,7080,39456,416,-,8864,37593,496,0,2550,44297,106,0,7686,39266,0,-,21251,25701,0,-,21654,25298,9478,35792,307,1374,5931,41021,ÁREA,Rural,35662,11290,0,-,43168,3784,0,-,20675,26277,0,-,5867,41085,-,-,5691,41227,-,33,460,46492,-,-,482,46470,ÁREA,Rural,29960,11298,2371,163,60,18,51,3031,21727,9852,1376,56,103,18,51,13768,4967,1761,251,28,0,18,-,39927
ÁREA_Urbana,ÁREA,Urbana,82817,204,-,-,ÁREA,Urbana,82949,72,ÁREA,Urbana,17342,11977,11918,4302,7189,8346,21875,ÁREA,Urbana,79125,3825,-,-,75995,6955,-,-,34188,48762,-,-,ÁREA,Urbana,19652,456,1354,7253,52533,1218,352,0,ÁREA,Urbana,4625,2472,8736,8653,16876,17257,8582,15293,324,0,ÁREA,Urbana,82260,550,7,-,ÁREA,Urbana,28092,49598,-,-,5127,21243,52683,40,-,8851,52568,19864,359,-,10026,44955,6346,-,-,31516,36532,110,-,-,46174,8944,203,-,-,73669,15794,1645,-,-,65377,38358,12918,-,-,31541,ÁREA,Urbana,78343,4358,319,-,-,77391,5630,-,-,-,44480,37586,342,614,-,59639,22915,467,-,-,68439,14515,68,-,-,63741,18446,220,614,-,ÁREA,Urbana,72876,7612,-,-,2533,ÁREA,Urbana,33512,49280,229,-,8275,74622,122,2,79729,3292,-,-,ÁREA,Urbana,73483,9512,26,-,ÁREA,Urbana,23705,57115,2201,-,23069,56812,1913,1227,4746,74359,3151,765,31623,50839,559,-,51163,31620,238,-,55488,27533,20028,59056,3200,737,15652,67369,ÁREA,Urbana,38762,44251,8,-,61550,21463,8,-,47331,35682,8,-,26529,56492,-,-,16369,66652,-,0,6458,76563,-,-,6749,76272,ÁREA,Urbana,6959,34723,22296,14423,3987,65,0,568,7537,37136,18507,11234,2804,65,0,5738,7106,9663,2202,552,323,65,-,63110
