Total,col_1,Nenhum,Até 5,De 6 a 15,De 16 a 20,De 21 a 30,De 31 a 40,41 ou mais,categoria_principal,categoria_secundaria,observacao_id,sheet_origem,titulo_sheet
TOTAL,Total,34275,19743,15291,5321,8508,9104,23060,TOTAL,Total,TOTAL_Total,B1C,"B1C - ESCOLAS, POR NÚMERO DE DISPOSITIVOS DISPONÍVEIS PARA USO DOS ALUNOS EM ATIVIDADES EDUCACIONAIS"
REGIÃO,Norte,5482,3217,1799,498,489,235,1368,REGIÃO,Norte,REGIÃO_Norte,B1C,"B1C - ESCOLAS, POR NÚMERO DE DISPOSITIVOS DISPONÍVEIS PARA USO DOS ALUNOS EM ATIVIDADES EDUCACIONAIS"
REGIÃO,Nordeste,20864,9757,2982,1967,754,2457,4134,REGIÃO,Nordeste,REGIÃO_Nordeste,B1C,"B1C - ESCOLAS, POR NÚMERO DE DISPOSITIVOS DISPONÍVEIS PARA USO DOS ALUNOS EM ATIVIDADES EDUCACIONAIS"
REGIÃO,Sudeste,5161,4639,7161,1211,5260,3317,9727,REGIÃO,Sudeste,REGIÃO_Sudeste,B1C,"B1C - ESCOLAS, POR NÚMERO DE DISPOSITIVOS DISPONÍVEIS PARA USO DOS ALUNOS EM ATIVIDADES EDUCACIONAIS"
REGIÃO,Sul,1290,1258,2250,1049,1620,2361,5496,REGIÃO,Sul,REGIÃO_Sul,B1C,"B1C - ESCOLAS, POR NÚMERO DE DISPOSITIVOS DISPONÍVEIS PARA USO DOS ALUNOS EM ATIVIDADES EDUCACIONAIS"
REGIÃO,Centro-Oeste,1478,872,1099,596,385,734,2336,REGIÃO,Centro-Oeste,REGIÃO_Centro-Oeste,B1C,"B1C - ESCOLAS, POR NÚMERO DE DISPOSITIVOS DISPONÍVEIS PARA USO DOS ALUNOS EM ATIVIDADES EDUCACIONAIS"
ÁREA,Urbana,17342,11977,11918,4302,7189,8346,21875,ÁREA,Urbana,ÁREA_Urbana,B1C,"B1C - ESCOLAS, POR NÚMERO DE DISPOSITIVOS DISPONÍVEIS PARA USO DOS ALUNOS EM ATIVIDADES EDUCACIONAIS"
ÁREA,Rural,16933,7765,3373,1019,1319,758,1185,ÁREA,Rural,ÁREA_Rural,B1C,"B1C - ESCOLAS, POR NÚMERO DE DISPOSITIVOS DISPONÍVEIS PARA USO DOS ALUNOS EM ATIVIDADES EDUCACIONAIS"
LOCALIZAÇÃO,Capital,4293,1497,2507,542,1078,1663,5952,LOCALIZAÇÃO,Capital,LOCALIZAÇÃO_Capital,B1C,"B1C - ESCOLAS, POR NÚMERO DE DISPOSITIVOS DISPONÍVEIS PARA USO DOS ALUNOS EM ATIVIDADES EDUCACIONAIS"
LOCALIZAÇÃO,Interior,29982,18245,12783,4779,7430,7442,17109,LOCALIZAÇÃO,Interior,LOCALIZAÇÃO_Interior,B1C,"B1C - ESCOLAS, POR NÚMERO DE DISPOSITIVOS DISPONÍVEIS PARA USO DOS ALUNOS EM ATIVIDADES EDUCACIONAIS"
DEPENDÊNCIA ADMINISTRATIVA,Municipal,23811,13741,7841,1644,3358,4948,6812,DEPENDÊNCIA ADMINISTRATIVA,Municipal,DEPENDÊNCIA_ADMINISTRATIVA_Municipal,B1C,"B1C - ESCOLAS, POR NÚMERO DE DISPOSITIVOS DISPONÍVEIS PARA USO DOS ALUNOS EM ATIVIDADES EDUCACIONAIS"
DEPENDÊNCIA ADMINISTRATIVA,Estadual,2300,1482,2698,2612,1842,3536,12254,DEPENDÊNCIA ADMINISTRATIVA,Estadual,DEPENDÊNCIA_ADMINISTRATIVA_Estadual,B1C,"B1C - ESCOLAS, POR NÚMERO DE DISPOSITIVOS DISPONÍVEIS PARA USO DOS ALUNOS EM ATIVIDADES EDUCACIONAIS"
DEPENDÊNCIA ADMINISTRATIVA,"Públicas (Municipal, Estadual e Federal)",26114,15228,10539,4257,5212,8527,19634,DEPENDÊNCIA ADMINISTRATIVA,"Públicas (Municipal, Estadual e Federal)","DEPENDÊNCIA_ADMINISTRATIVA_Públicas_(Municipal,_Estadual_e_Federal)",B1C,"B1C - ESCOLAS, POR NÚMERO DE DISPOSITIVOS DISPONÍVEIS PARA USO DOS ALUNOS EM ATIVIDADES EDUCACIONAIS"
DEPENDÊNCIA ADMINISTRATIVA,Particular,8161,4515,4751,1065,3296,577,3427,DEPENDÊNCIA ADMINISTRATIVA,Particular,DEPENDÊNCIA_ADMINISTRATIVA_Particular,B1C,"B1C - ESCOLAS, POR NÚMERO DE DISPOSITIVOS DISPONÍVEIS PARA USO DOS ALUNOS EM ATIVIDADES EDUCACIONAIS"
NÍVEL DE ENSINO MAIS ELEVADO OFERTADO,Até anos iniciais do Ensino Fundamental,22583,8345,4931,1193,2418,3521,3548,NÍVEL DE ENSINO MAIS ELEVADO OFERTADO,Até anos iniciais do Ensino Fundamental,NÍVEL_DE_ENSINO_MAIS_ELEVADO_OFERTADO_Até_anos_iniciais_do_Ensino_Fundamental,B1C,"B1C - ESCOLAS, POR NÚMERO DE DISPOSITIVOS DISPONÍVEIS PARA USO DOS ALUNOS EM ATIVIDADES EDUCACIONAIS"
NÍVEL DE ENSINO MAIS ELEVADO OFERTADO,Até anos finais do Ensino Fundamental,8751,9432,6988,2070,2821,2812,6138,NÍVEL DE ENSINO MAIS ELEVADO OFERTADO,Até anos finais do Ensino Fundamental,NÍVEL_DE_ENSINO_MAIS_ELEVADO_OFERTADO_Até_anos_finais_do_Ensino_Fundamental,B1C,"B1C - ESCOLAS, POR NÚMERO DE DISPOSITIVOS DISPONÍVEIS PARA USO DOS ALUNOS EM ATIVIDADES EDUCACIONAIS"
NÍVEL DE ENSINO MAIS ELEVADO OFERTADO,Até Ensino Médio ou Educação Profissional,2940,1965,3372,2058,3269,2771,13374,NÍVEL DE ENSINO MAIS ELEVADO OFERTADO,Até Ensino Médio ou Educação Profissional,NÍVEL_DE_ENSINO_MAIS_ELEVADO_OFERTADO_Até_Ensino_Médio_ou_Educação_Profissional,B1C,"B1C - ESCOLAS, POR NÚMERO DE DISPOSITIVOS DISPONÍVEIS PARA USO DOS ALUNOS EM ATIVIDADES EDUCACIONAIS"
PORTE,Até 50 matrículas,13151,3428,788,695,223,0,0,PORTE,Até 50 matrículas,PORTE_Até_50_matrículas,B1C,"B1C - ESCOLAS, POR NÚMERO DE DISPOSITIVOS DISPONÍVEIS PARA USO DOS ALUNOS EM ATIVIDADES EDUCACIONAIS"
PORTE,De 51 a 150 matrículas,6824,5381,3856,365,944,1272,379,PORTE,De 51 a 150 matrículas,PORTE_De_51_a_150_matrículas,B1C,"B1C - ESCOLAS, POR NÚMERO DE DISPOSITIVOS DISPONÍVEIS PARA USO DOS ALUNOS EM ATIVIDADES EDUCACIONAIS"
PORTE,De 151 a 300 matrículas,7673,5738,4200,1792,3324,1308,4715,PORTE,De 151 a 300 matrículas,PORTE_De_151_a_300_matrículas,B1C,"B1C - ESCOLAS, POR NÚMERO DE DISPOSITIVOS DISPONÍVEIS PARA USO DOS ALUNOS EM ATIVIDADES EDUCACIONAIS"
PORTE,De 301 a 500 matrículas,4370,2701,3784,1383,2225,4404,5360,PORTE,De 301 a 500 matrículas,PORTE_De_301_a_500_matrículas,B1C,"B1C - ESCOLAS, POR NÚMERO DE DISPOSITIVOS DISPONÍVEIS PARA USO DOS ALUNOS EM ATIVIDADES EDUCACIONAIS"
PORTE,De 501 a 1.000 matrículas,2042,2288,2233,969,1569,1674,8667,PORTE,De 501 a 1.000 matrículas,PORTE_De_501_a_1.000_matrículas,B1C,"B1C - ESCOLAS, POR NÚMERO DE DISPOSITIVOS DISPONÍVEIS PARA USO DOS ALUNOS EM ATIVIDADES EDUCACIONAIS"
PORTE,Mais de 1.000 matrículas,214,208,431,118,223,446,3940,PORTE,Mais de 1.000 matrículas,PORTE_Mais_de_1.000_matrículas,B1C,"B1C - ESCOLAS, POR NÚMERO DE DISPOSITIVOS DISPONÍVEIS PARA USO DOS ALUNOS EM ATIVIDADES EDUCACIONAIS"
ESCOLA COM INTERNET E COMPUTADOR PARA USO DOS ALUNOS,Sim,0,16667,14650,4951,8415,8786,22950,ESCOLA COM INTERNET E COMPUTADOR PARA USO DOS ALUNOS,Sim,ESCOLA_COM_INTERNET_E_COMPUTADOR_PARA_USO_DOS_ALUNOS_Sim,B1C,"B1C - ESCOLAS, POR NÚMERO DE DISPOSITIVOS DISPONÍVEIS PARA USO DOS ALUNOS EM ATIVIDADES EDUCACIONAIS"
ESCOLA COM INTERNET E COMPUTADOR PARA USO DOS ALUNOS,Não,34275,3076,641,370,93,319,110,ESCOLA COM INTERNET E COMPUTADOR PARA USO DOS ALUNOS,Não,ESCOLA_COM_INTERNET_E_COMPUTADOR_PARA_USO_DOS_ALUNOS_Não,B1C,"B1C - ESCOLAS, POR NÚMERO DE DISPOSITIVOS DISPONÍVEIS PARA USO DOS ALUNOS EM ATIVIDADES EDUCACIONAIS"
Fonte: Núcleo de Informação e Coordenação do Ponto BR. (2024). Pesquisa sobre o uso das tecnologias de informação e comunicação nos domicílios brasileiros: TIC Educação 2024 [Tabelas].,,,,,,,,,Fonte: Núcleo de Informação e Coordenação do Ponto BR. (2024). Pesquisa sobre o uso das tecnologias de informação e comunicação nos domicílios brasileiros: TIC Educação 2024 [Tabelas].,,Fonte:_Núcleo_de_Informação_e_Coordenação_do_Ponto_BR._(2024)._Pesquisa_sobre_o_uso_das_tecnologias_de_informação_e_comunicação_nos_domicílios_brasileiros:_TIC_Educação_2024_[Tabelas]._Total,B1C,"B1C - ESCOLAS, POR NÚMERO DE DISPOSITIVOS DISPONÍVEIS PARA USO DOS ALUNOS EM ATIVIDADES EDUCACIONAIS"
