Total,col_1,Computador de mesa_Sim,Computador de mesa_Não,Computador de mesa_Não sabe,Computador de mesa_Não respondeu,Computador portátil_Sim,Computador portátil_Não,Computador portátil_Não sabe,Computador portátil_Não respondeu,Tablet_Sim,Tablet_Não,Tablet_Não sabe,Tablet_Não respondeu,categoria_principal,categoria_secundaria,observacao_id,sheet_origem,titulo_sheet
TOTAL,Total,103097,12205,-,-,99787,15515,-,-,40205,75097,-,-,TOTAL,Total,TOTAL_Total,B2,"B2 - ESCOLAS COM COMPUTADOR, POR TIPO DE DISPOSITIVO"
REGIÃO,Norte,12514,573,-,-,7030,6058,-,-,2374,10713,-,-,REGIÃO,Norte,REGIÃO_Norte,B2,"B2 - ESCOLAS COM COMPUTADOR, POR TIPO DE DISPOSITIVO"
REGIÃO,Nordeste,32696,10219,-,-,37463,5453,-,-,11898,31018,-,-,REGIÃO,Nordeste,REGIÃO_Nordeste,B2,"B2 - ESCOLAS COM COMPUTADOR, POR TIPO DE DISPOSITIVO"
REGIÃO,Sudeste,35453,1022,-,-,33795,2680,-,-,16185,20290,-,-,REGIÃO,Sudeste,REGIÃO_Sudeste,B2,"B2 - ESCOLAS COM COMPUTADOR, POR TIPO DE DISPOSITIVO"
REGIÃO,Sul,14932,391,-,-,15264,59,-,-,7443,7880,-,-,REGIÃO,Sul,REGIÃO_Sul,B2,"B2 - ESCOLAS COM COMPUTADOR, POR TIPO DE DISPOSITIVO"
REGIÃO,Centro-Oeste,7501,0,-,-,6236,1266,-,-,2305,5196,-,-,REGIÃO,Centro-Oeste,REGIÃO_Centro-Oeste,B2,"B2 - ESCOLAS COM COMPUTADOR, POR TIPO DE DISPOSITIVO"
ÁREA,Urbana,79125,3825,-,-,75995,6955,-,-,34188,48762,-,-,ÁREA,Urbana,ÁREA_Urbana,B2,"B2 - ESCOLAS COM COMPUTADOR, POR TIPO DE DISPOSITIVO"
ÁREA,Rural,23973,8380,-,-,23792,8561,-,-,6017,26335,-,-,ÁREA,Rural,ÁREA_Rural,B2,"B2 - ESCOLAS COM COMPUTADOR, POR TIPO DE DISPOSITIVO"
LOCALIZAÇÃO,Capital,16620,912,-,-,15714,1818,-,-,9850,7682,-,-,LOCALIZAÇÃO,Capital,LOCALIZAÇÃO_Capital,B2,"B2 - ESCOLAS COM COMPUTADOR, POR TIPO DE DISPOSITIVO"
LOCALIZAÇÃO,Interior,86477,11293,-,-,84072,13698,-,-,30355,67415,-,-,LOCALIZAÇÃO,Interior,LOCALIZAÇÃO_Interior,B2,"B2 - ESCOLAS COM COMPUTADOR, POR TIPO DE DISPOSITIVO"
DEPENDÊNCIA ADMINISTRATIVA,Municipal,53902,8255,-,-,50664,11492,-,-,20183,41974,-,-,DEPENDÊNCIA ADMINISTRATIVA,Municipal,DEPENDÊNCIA_ADMINISTRATIVA_Municipal,B2,"B2 - ESCOLAS COM COMPUTADOR, POR TIPO DE DISPOSITIVO"
DEPENDÊNCIA ADMINISTRATIVA,Estadual,25907,817,-,-,24438,2286,-,-,10971,15753,-,-,DEPENDÊNCIA ADMINISTRATIVA,Estadual,DEPENDÊNCIA_ADMINISTRATIVA_Estadual,B2,"B2 - ESCOLAS COM COMPUTADOR, POR TIPO DE DISPOSITIVO"
DEPENDÊNCIA ADMINISTRATIVA,"Públicas (Municipal, Estadual e Federal)",80439,9072,-,-,75732,13779,-,-,31573,57938,-,-,DEPENDÊNCIA ADMINISTRATIVA,"Públicas (Municipal, Estadual e Federal)","DEPENDÊNCIA_ADMINISTRATIVA_Públicas_(Municipal,_Estadual_e_Federal)",B2,"B2 - ESCOLAS COM COMPUTADOR, POR TIPO DE DISPOSITIVO"
DEPENDÊNCIA ADMINISTRATIVA,Particular,22658,3133,-,-,24055,1737,-,-,8632,17159,-,-,DEPENDÊNCIA ADMINISTRATIVA,Particular,DEPENDÊNCIA_ADMINISTRATIVA_Particular,B2,"B2 - ESCOLAS COM COMPUTADOR, POR TIPO DE DISPOSITIVO"
NÍVEL DE ENSINO MAIS ELEVADO OFERTADO,Até anos iniciais do Ensino Fundamental,36704,9836,-,-,38794,7746,-,-,15216,31324,-,-,NÍVEL DE ENSINO MAIS ELEVADO OFERTADO,Até anos iniciais do Ensino Fundamental,NÍVEL_DE_ENSINO_MAIS_ELEVADO_OFERTADO_Até_anos_iniciais_do_Ensino_Fundamental,B2,"B2 - ESCOLAS COM COMPUTADOR, POR TIPO DE DISPOSITIVO"
NÍVEL DE ENSINO MAIS ELEVADO OFERTADO,Até anos finais do Ensino Fundamental,37140,1871,-,-,32431,6580,-,-,11826,27185,-,-,NÍVEL DE ENSINO MAIS ELEVADO OFERTADO,Até anos finais do Ensino Fundamental,NÍVEL_DE_ENSINO_MAIS_ELEVADO_OFERTADO_Até_anos_finais_do_Ensino_Fundamental,B2,"B2 - ESCOLAS COM COMPUTADOR, POR TIPO DE DISPOSITIVO"
NÍVEL DE ENSINO MAIS ELEVADO OFERTADO,Até Ensino Médio ou Educação Profissional,29253,498,-,-,28562,1189,-,-,13163,16588,-,-,NÍVEL DE ENSINO MAIS ELEVADO OFERTADO,Até Ensino Médio ou Educação Profissional,NÍVEL_DE_ENSINO_MAIS_ELEVADO_OFERTADO_Até_Ensino_Médio_ou_Educação_Profissional,B2,"B2 - ESCOLAS COM COMPUTADOR, POR TIPO DE DISPOSITIVO"
PORTE,Até 50 matrículas,10406,7879,-,-,11660,6624,-,-,2480,15805,-,-,PORTE,Até 50 matrículas,PORTE_Até_50_matrículas,B2,"B2 - ESCOLAS COM COMPUTADOR, POR TIPO DE DISPOSITIVO"
PORTE,De 51 a 150 matrículas,17343,1678,-,-,17304,1717,-,-,4481,14539,-,-,PORTE,De 51 a 150 matrículas,PORTE_De_51_a_150_matrículas,B2,"B2 - ESCOLAS COM COMPUTADOR, POR TIPO DE DISPOSITIVO"
PORTE,De 151 a 300 matrículas,26923,1826,-,-,25293,3456,-,-,7694,21055,-,-,PORTE,De 151 a 300 matrículas,PORTE_De_151_a_300_matrículas,B2,"B2 - ESCOLAS COM COMPUTADOR, POR TIPO DE DISPOSITIVO"
PORTE,De 301 a 500 matrículas,23633,594,-,-,22543,1684,-,-,9942,14285,-,-,PORTE,De 301 a 500 matrículas,PORTE_De_301_a_500_matrículas,B2,"B2 - ESCOLAS COM COMPUTADOR, POR TIPO DE DISPOSITIVO"
PORTE,De 501 a 1.000 matrículas,19243,198,-,-,17608,1833,-,-,11619,7822,-,-,PORTE,De 501 a 1.000 matrículas,PORTE_De_501_a_1.000_matrículas,B2,"B2 - ESCOLAS COM COMPUTADOR, POR TIPO DE DISPOSITIVO"
PORTE,Mais de 1.000 matrículas,5551,30,-,-,5379,201,-,-,3989,1592,-,-,PORTE,Mais de 1.000 matrículas,PORTE_Mais_de_1.000_matrículas,B2,"B2 - ESCOLAS COM COMPUTADOR, POR TIPO DE DISPOSITIVO"
ESCOLA COM INTERNET E COMPUTADOR PARA USO DOS ALUNOS,Sim,73440,2979,-,-,71061,5359,-,-,34830,41590,-,-,ESCOLA COM INTERNET E COMPUTADOR PARA USO DOS ALUNOS,Sim,ESCOLA_COM_INTERNET_E_COMPUTADOR_PARA_USO_DOS_ALUNOS_Sim,B2,"B2 - ESCOLAS COM COMPUTADOR, POR TIPO DE DISPOSITIVO"
ESCOLA COM INTERNET E COMPUTADOR PARA USO DOS ALUNOS,Não,29657,9226,-,-,28726,10157,-,-,5375,33507,-,-,ESCOLA COM INTERNET E COMPUTADOR PARA USO DOS ALUNOS,Não,ESCOLA_COM_INTERNET_E_COMPUTADOR_PARA_USO_DOS_ALUNOS_Não,B2,"B2 - ESCOLAS COM COMPUTADOR, POR TIPO DE DISPOSITIVO"
Fonte: Núcleo de Informação e Coordenação do Ponto BR. (2024). Pesquisa sobre o uso das tecnologias de informação e comunicação nos domicílios brasileiros: TIC Educação 2024 [Tabelas].,,,,,,,,,,,,,,Fonte: Núcleo de Informação e Coordenação do Ponto BR. (2024). Pesquisa sobre o uso das tecnologias de informação e comunicação nos domicílios brasileiros: TIC Educação 2024 [Tabelas].,,Fonte:_Núcleo_de_Informação_e_Coordenação_do_Ponto_BR._(2024)._Pesquisa_sobre_o_uso_das_tecnologias_de_informação_e_comunicação_nos_domicílios_brasileiros:_TIC_Educação_2024_[Tabelas]._Total,B2,"B2 - ESCOLAS COM COMPUTADOR, POR TIPO DE DISPOSITIVO"
