Total,col_1,Sala da coordenação pedagógica ou da direção_Sim,Sala da coordenação pedagógica ou da direção_Não,Sala da coordenação pedagógica ou da direção_Não sabe,Sala da coordenação pedagógica ou da direção_Não respondeu,Sala da coordenação pedagógica ou da direção_Não se aplica,Sala dos professores ou sala de reunião_Sim,Sala dos professores ou sala de reunião_Não,Sala dos professores ou sala de reunião_Não sabe,Sala dos professores ou sala de reunião_Não respondeu,Sala dos professores ou sala de reunião_Não se aplica,Sala de aula_Sim,Sala de aula_Não,Sala de aula_Não sabe,Sala de aula_Não respondeu,Sala de aula_Não se aplica,Biblioteca ou sala de estudos para os alunos_Sim,Biblioteca ou sala de estudos para os alunos_Não,Biblioteca ou sala de estudos para os alunos_Não sabe,Biblioteca ou sala de estudos para os alunos_Não respondeu,Biblioteca ou sala de estudos para os alunos_Não se aplica,Laboratório de informática_Sim,Laboratório de informática_Não,Laboratório de informática_Não sabe,Laboratório de informática_Não respondeu,Laboratório de informática_Não se aplica,Sala de recursos de robótica_Sim,Sala de recursos de robótica_Não,Sala de recursos de robótica_Não sabe,Sala de recursos de robótica_Não respondeu,Sala de recursos de robótica_Não se aplica,Sala ou laboratório multimídia_Sim,Sala ou laboratório multimídia_Não,Sala ou laboratório multimídia_Não sabe,Sala ou laboratório multimídia_Não respondeu,Sala ou laboratório multimídia_Não se aplica,Pátio ou área de recreação para os alunos_Sim,Pátio ou área de recreação para os alunos_Não,Pátio ou área de recreação para os alunos_Não sabe,Pátio ou área de recreação para os alunos_Não respondeu,Pátio ou área de recreação para os alunos_Não se aplica,categoria_principal,categoria_secundaria,observacao_id,sheet_origem,titulo_sheet
TOTAL,Total,41321,61403,-,-,21944,32231,58884,40,-,33513,78834,30427,359,-,15047,53364,6547,-,-,64756,40830,110,-,-,83728,10368,203,-,-,114097,16580,1735,-,-,106353,56416,17264,-,-,50988,TOTAL,Total,TOTAL_Total,C1,"C1 - ESCOLAS COM ACESSO À INTERNET, POR LOCAIS COM DISPONIBILIDADE DE ACESSO À REDE PARA OS ALUNOS"
REGIÃO,Norte,3495,6936,-,-,5453,2635,5865,0,-,7383,6947,4773,0,-,4164,3597,770,-,-,11517,3704,0,-,-,12180,233,0,-,-,15650,589,184,-,-,15111,4979,1959,-,-,8945,REGIÃO,Norte,REGIÃO_Norte,C1,"C1 - ESCOLAS COM ACESSO À INTERNET, POR LOCAIS COM DISPONIBILIDADE DE ACESSO À REDE PARA OS ALUNOS"
REGIÃO,Nordeste,17022,19000,-,-,12689,11957,17933,40,-,18780,31678,11577,352,-,5103,16646,432,-,-,31633,6698,30,-,-,41983,2135,19,-,-,46556,3912,346,-,-,44453,24930,5078,-,-,18702,REGIÃO,Nordeste,REGIÃO_Nordeste,C1,"C1 - ESCOLAS COM ACESSO À INTERNET, POR LOCAIS COM DISPONIBILIDADE DE ACESSO À REDE PARA OS ALUNOS"
REGIÃO,Sudeste,11158,23042,-,-,2485,8290,22971,0,-,5423,22617,10232,7,-,3828,17783,3683,-,-,15218,20160,25,-,-,16500,4376,97,-,-,32211,7839,1096,-,-,27749,14666,6739,-,-,15279,REGIÃO,Sudeste,REGIÃO_Sudeste,C1,"C1 - ESCOLAS COM ACESSO À INTERNET, POR LOCAIS COM DISPONIBILIDADE DE ACESSO À REDE PARA OS ALUNOS"
REGIÃO,Sul,6678,8532,-,-,453,6484,7992,0,-,1186,12860,2017,0,-,786,11394,745,-,-,3524,8532,0,-,-,7131,2585,44,-,-,13034,3560,79,-,-,12024,7954,2051,-,-,5658,REGIÃO,Sul,REGIÃO_Sul,C1,"C1 - ESCOLAS COM ACESSO À INTERNET, POR LOCAIS COM DISPONIBILIDADE DE ACESSO À REDE PARA OS ALUNOS"
REGIÃO,Centro-Oeste,2969,3893,-,-,864,2864,4122,0,-,740,4733,1828,0,-,1165,3944,918,-,-,2864,1736,55,-,-,5935,1038,44,-,-,6644,680,30,-,-,7016,3887,1437,-,-,2403,REGIÃO,Centro-Oeste,REGIÃO_Centro-Oeste,C1,"C1 - ESCOLAS COM ACESSO À INTERNET, POR LOCAIS COM DISPONIBILIDADE DE ACESSO À REDE PARA OS ALUNOS"
ÁREA,Urbana,28092,49598,-,-,5127,21243,52683,40,-,8851,52568,19864,359,-,10026,44955,6346,-,-,31516,36532,110,-,-,46174,8944,203,-,-,73669,15794,1645,-,-,65377,38358,12918,-,-,31541,ÁREA,Urbana,ÁREA_Urbana,C1,"C1 - ESCOLAS COM ACESSO À INTERNET, POR LOCAIS COM DISPONIBILIDADE DE ACESSO À REDE PARA OS ALUNOS"
ÁREA,Rural,13229,11805,-,-,16817,10988,6201,0,-,24663,26267,10563,0,-,5022,8409,201,-,-,33240,4297,0,-,-,37554,1424,0,-,-,40428,786,90,-,-,40976,18058,4346,-,-,19447,ÁREA,Rural,ÁREA_Rural,C1,"C1 - ESCOLAS COM ACESSO À INTERNET, POR LOCAIS COM DISPONIBILIDADE DE ACESSO À REDE PARA OS ALUNOS"
LOCALIZAÇÃO,Capital,6350,10037,-,-,898,3932,11828,40,-,1485,10226,4499,7,-,2553,9895,1402,-,-,5989,7545,0,-,-,9740,3198,44,-,-,14044,4374,277,-,-,12634,8307,2082,-,-,6897,LOCALIZAÇÃO,Capital,LOCALIZAÇÃO_Capital,C1,"C1 - ESCOLAS COM ACESSO À INTERNET, POR LOCAIS COM DISPONIBILIDADE DE ACESSO À REDE PARA OS ALUNOS"
LOCALIZAÇÃO,Interior,34971,51366,-,-,21046,28299,47055,0,-,32028,68608,25928,352,-,12494,43469,5146,-,-,58767,33284,110,-,-,73988,7170,159,-,-,100053,12206,1457,-,-,93719,48109,15182,-,-,44091,LOCALIZAÇÃO,Interior,LOCALIZAÇÃO_Interior,C1,"C1 - ESCOLAS COM ACESSO À INTERNET, POR LOCAIS COM DISPONIBILIDADE DE ACESSO À REDE PARA OS ALUNOS"
DEPENDÊNCIA ADMINISTRATIVA,Municipal,20342,31898,-,-,18363,16286,26734,40,-,27544,44642,16790,352,-,8819,22159,4159,-,-,44286,15244,80,-,-,55280,3328,19,-,-,67257,5245,362,-,-,64997,29372,11795,-,-,29437,DEPENDÊNCIA ADMINISTRATIVA,Municipal,DEPENDÊNCIA_ADMINISTRATIVA_Municipal,C1,"C1 - ESCOLAS COM ACESSO À INTERNET, POR LOCAIS COM DISPONIBILIDADE DE ACESSO À REDE PARA OS ALUNOS"
DEPENDÊNCIA ADMINISTRATIVA,Estadual,11197,14227,-,-,2219,8717,16216,0,-,2709,20222,3526,0,-,3895,17531,828,-,-,9283,16532,30,-,-,11081,2280,184,-,-,25179,5447,215,-,-,21981,14480,2771,-,-,10391,DEPENDÊNCIA ADMINISTRATIVA,Estadual,DEPENDÊNCIA_ADMINISTRATIVA_Estadual,C1,"C1 - ESCOLAS COM ACESSO À INTERNET, POR LOCAIS COM DISPONIBILIDADE DE ACESSO À REDE PARA OS ALUNOS"
DEPENDÊNCIA ADMINISTRATIVA,"Públicas (Municipal, Estadual e Federal)",32025,46270,-,-,20582,25480,43088,40,-,30268,65457,20335,359,-,12724,40320,4987,-,-,53569,32403,110,-,-,66363,6064,203,-,-,92609,11090,586,-,-,87201,44435,14566,-,-,39875,DEPENDÊNCIA ADMINISTRATIVA,"Públicas (Municipal, Estadual e Federal)","DEPENDÊNCIA_ADMINISTRATIVA_Públicas_(Municipal,_Estadual_e_Federal)",C1,"C1 - ESCOLAS COM ACESSO À INTERNET, POR LOCAIS COM DISPONIBILIDADE DE ACESSO À REDE PARA OS ALUNOS"
DEPENDÊNCIA ADMINISTRATIVA,Particular,9297,15133,-,-,1362,6750,15796,0,-,3246,13377,10092,0,-,2323,13044,1560,-,-,11187,8426,0,-,-,17365,4303,0,-,-,21488,5491,1148,-,-,19152,11980,2698,-,-,11113,DEPENDÊNCIA ADMINISTRATIVA,Particular,DEPENDÊNCIA_ADMINISTRATIVA_Particular,C1,"C1 - ESCOLAS COM ACESSO À INTERNET, POR LOCAIS COM DISPONIBILIDADE DE ACESSO À REDE PARA OS ALUNOS"
NÍVEL DE ENSINO MAIS ELEVADO OFERTADO,Até anos iniciais do Ensino Fundamental,15268,23763,-,-,13467,10516,21084,40,-,20858,30447,16261,0,-,5790,14891,4317,-,-,33291,8292,25,-,-,44181,1606,19,-,-,50873,3737,131,-,-,48630,18986,10147,-,-,23366,NÍVEL DE ENSINO MAIS ELEVADO OFERTADO,Até anos iniciais do Ensino Fundamental,NÍVEL_DE_ENSINO_MAIS_ELEVADO_OFERTADO_Até_anos_iniciais_do_Ensino_Fundamental,C1,"C1 - ESCOLAS COM ACESSO À INTERNET, POR LOCAIS COM DISPONIBILIDADE DE ACESSO À REDE PARA OS ALUNOS"
NÍVEL DE ENSINO MAIS ELEVADO OFERTADO,Até anos finais do Ensino Fundamental,12150,22363,-,-,6741,10444,20273,0,-,10537,26036,9114,0,-,6104,16781,1677,-,-,22795,14486,55,-,-,26713,3109,0,-,-,38144,4725,310,-,-,36218,18574,4681,-,-,17999,NÍVEL DE ENSINO MAIS ELEVADO OFERTADO,Até anos finais do Ensino Fundamental,NÍVEL_DE_ENSINO_MAIS_ELEVADO_OFERTADO_Até_anos_finais_do_Ensino_Fundamental,C1,"C1 - ESCOLAS COM ACESSO À INTERNET, POR LOCAIS COM DISPONIBILIDADE DE ACESSO À REDE PARA OS ALUNOS"
NÍVEL DE ENSINO MAIS ELEVADO OFERTADO,Até Ensino Médio ou Educação Profissional,13903,15277,-,-,1736,11271,17528,0,-,2117,22352,5051,359,-,3154,21692,553,-,-,8670,18052,30,-,-,12834,5652,184,-,-,25080,8118,1293,-,-,21504,18856,2437,-,-,9623,NÍVEL DE ENSINO MAIS ELEVADO OFERTADO,Até Ensino Médio ou Educação Profissional,NÍVEL_DE_ENSINO_MAIS_ELEVADO_OFERTADO_Até_Ensino_Médio_ou_Educação_Profissional,C1,"C1 - ESCOLAS COM ACESSO À INTERNET, POR LOCAIS COM DISPONIBILIDADE DE ACESSO À REDE PARA OS ALUNOS"
PORTE,Até 50 matrículas,8440,4702,-,-,9831,6429,2205,0,-,14339,12695,7358,0,-,2920,3529,1223,-,-,18222,1126,0,-,-,21847,390,0,-,-,22584,0,0,-,-,22973,10137,952,-,-,11884,PORTE,Até 50 matrículas,PORTE_Até_50_matrículas,C1,"C1 - ESCOLAS COM ACESSO À INTERNET, POR LOCAIS COM DISPONIBILIDADE DE ACESSO À REDE PARA OS ALUNOS"
PORTE,De 51 a 150 matrículas,6881,9716,-,-,7024,5303,7171,0,-,11148,13236,7461,0,-,2924,5995,807,-,-,16819,3402,0,-,-,20219,585,0,-,-,23036,1372,122,-,-,22127,9126,5625,-,-,8871,PORTE,De 51 a 150 matrículas,PORTE_De_51_a_150_matrículas,C1,"C1 - ESCOLAS COM ACESSO À INTERNET, POR LOCAIS COM DISPONIBILIDADE DE ACESSO À REDE PARA OS ALUNOS"
PORTE,De 151 a 300 matrículas,8858,17631,-,-,2364,7116,16628,0,-,5109,19606,5340,0,-,3908,15157,812,-,-,12885,10333,0,-,-,18520,2434,116,-,-,26304,4405,64,-,-,24385,12809,3670,-,-,12375,PORTE,De 151 a 300 matrículas,PORTE_De_151_a_300_matrículas,C1,"C1 - ESCOLAS COM ACESSO À INTERNET, POR LOCAIS COM DISPONIBILIDADE DE ACESSO À REDE PARA OS ALUNOS"
PORTE,De 301 a 500 matrículas,8509,14302,-,-,1441,6332,16233,0,-,1687,16512,4712,352,-,2676,11777,1527,-,-,10948,11254,0,-,-,12999,1989,0,-,-,22263,5100,35,-,-,19118,12999,3716,-,-,7537,PORTE,De 301 a 500 matrículas,PORTE_De_301_a_500_matrículas,C1,"C1 - ESCOLAS COM ACESSO À INTERNET, POR LOCAIS COM DISPONIBILIDADE DE ACESSO À REDE PARA OS ALUNOS"
PORTE,De 501 a 1.000 matrículas,6816,11494,-,-,1076,5180,13277,40,-,889,12700,4542,7,-,2137,12864,1696,-,-,4827,10936,82,-,-,8369,3847,44,-,-,15496,3904,1198,-,-,14285,8775,2346,-,-,8265,PORTE,De 501 a 1.000 matrículas,PORTE_De_501_a_1.000_matrículas,C1,"C1 - ESCOLAS COM ACESSO À INTERNET, POR LOCAIS COM DISPONIBILIDADE DE ACESSO À REDE PARA OS ALUNOS"
PORTE,Mais de 1.000 matrículas,1817,3558,-,-,206,1870,3369,0,-,341,4085,1014,0,-,482,4043,482,-,-,1055,3779,28,-,-,1774,1122,44,-,-,4414,1800,316,-,-,3464,2570,955,-,-,2055,PORTE,Mais de 1.000 matrículas,PORTE_Mais_de_1.000_matrículas,C1,"C1 - ESCOLAS COM ACESSO À INTERNET, POR LOCAIS COM DISPONIBILIDADE DE ACESSO À REDE PARA OS ALUNOS"
ESCOLA COM INTERNET E COMPUTADOR PARA USO DOS ALUNOS,Sim,29791,42170,-,-,4459,25447,43740,40,-,7193,57327,13013,359,-,5720,47129,3914,-,-,25376,40646,50,-,-,35724,10267,44,-,-,66109,15659,1565,-,-,59196,40859,12285,-,-,23276,ESCOLA COM INTERNET E COMPUTADOR PARA USO DOS ALUNOS,Sim,ESCOLA_COM_INTERNET_E_COMPUTADOR_PARA_USO_DOS_ALUNOS_Sim,C1,"C1 - ESCOLAS COM ACESSO À INTERNET, POR LOCAIS COM DISPONIBILIDADE DE ACESSO À REDE PARA OS ALUNOS"
ESCOLA COM INTERNET E COMPUTADOR PARA USO DOS ALUNOS,Não,11530,19233,-,-,17485,6784,15144,0,-,26321,21507,17414,0,-,9327,6236,2633,-,-,39379,184,60,-,-,48004,101,159,-,-,47988,921,170,-,-,47157,15557,4980,-,-,27712,ESCOLA COM INTERNET E COMPUTADOR PARA USO DOS ALUNOS,Não,ESCOLA_COM_INTERNET_E_COMPUTADOR_PARA_USO_DOS_ALUNOS_Não,C1,"C1 - ESCOLAS COM ACESSO À INTERNET, POR LOCAIS COM DISPONIBILIDADE DE ACESSO À REDE PARA OS ALUNOS"
Fonte: Núcleo de Informação e Coordenação do Ponto BR. (2024). Pesquisa sobre o uso das tecnologias de informação e comunicação nos domicílios brasileiros: TIC Educação 2024 [Tabelas].,,,,,,,,,,,,,,,,,,,,,,,,,,,,,,,,,,,,,,,,,,Fonte: Núcleo de Informação e Coordenação do Ponto BR. (2024). Pesquisa sobre o uso das tecnologias de informação e comunicação nos domicílios brasileiros: TIC Educação 2024 [Tabelas].,,Fonte:_Núcleo_de_Informação_e_Coordenação_do_Ponto_BR._(2024)._Pesquisa_sobre_o_uso_das_tecnologias_de_informação_e_comunicação_nos_domicílios_brasileiros:_TIC_Educação_2024_[Tabelas]._Total,C1,"C1 - ESCOLAS COM ACESSO À INTERNET, POR LOCAIS COM DISPONIBILIDADE DE ACESSO À REDE PARA OS ALUNOS"
