Total,col_1,"Dados cadastrais dos alunos, como, por exemplo, nome, endereço, telefone e data de nascimento_Sim","Dados cadastrais dos alunos, como, por exemplo, nome, endereço, telefone e data de nascimento_Não","Dados cadastrais dos alunos, como, por exemplo, nome, endereço, telefone e data de nascimento_Não sabe","Dados cadastrais dos alunos, como, por exemplo, nome, endereço, telefone e data de nascimento_Não respondeu","Dados cadastrais dos alunos, como, por exemplo, nome, endereço, telefone e data de nascimento_Não se aplica",Dados de frequência e notas dos alunos_Sim,Dados de frequência e notas dos alunos_Não,Dados de frequência e notas dos alunos_Não sabe,Dados de frequência e notas dos alunos_Não respondeu,Dados de frequência e notas dos alunos_Não se aplica,"Informações sobre condições físicas e de saúde dos alunos, como peso, altura, alergias, entre outros_Sim","Informações sobre condições físicas e de saúde dos alunos, como peso, altura, alergias, entre outros_Não","Informações sobre condições físicas e de saúde dos alunos, como peso, altura, alergias, entre outros_Não sabe","Informações sobre condições físicas e de saúde dos alunos, como peso, altura, alergias, entre outros_Não respondeu","Informações sobre condições físicas e de saúde dos alunos, como peso, altura, alergias, entre outros_Não se aplica",Resultados de avaliação de desempenho dos professores e de outros funcionários_Sim,Resultados de avaliação de desempenho dos professores e de outros funcionários_Não,Resultados de avaliação de desempenho dos professores e de outros funcionários_Não sabe,Resultados de avaliação de desempenho dos professores e de outros funcionários_Não respondeu,Resultados de avaliação de desempenho dos professores e de outros funcionários_Não se aplica,Informações sobre o orçamento financeiro da escola_Sim,Informações sobre o orçamento financeiro da escola_Não,Informações sobre o orçamento financeiro da escola_Não sabe,Informações sobre o orçamento financeiro da escola_Não respondeu,Informações sobre o orçamento financeiro da escola_Não se aplica,Fotos e vídeos dos alunos_Sim,Fotos e vídeos dos alunos_Não,Fotos e vídeos dos alunos_Não sabe,Fotos e vídeos dos alunos_Não respondeu,Fotos e vídeos dos alunos_Não se aplica,categoria_principal,categoria_secundaria,observacao_id,sheet_origem,titulo_sheet
TOTAL,Total,117447,12165,362,-,-,120674,9299,-,-,-,65051,63924,385,614,-,90281,39127,566,-,-,95803,33935,236,-,-,94065,34331,263,1314,-,TOTAL,Total,TOTAL_Total,E1,E1 - ESCOLAS QUE REGISTRAM OU CONSULTAM DADOS DOS ALUNOS E DA ESCOLA EM FORMATO ELETRÔNICO
REGIÃO,Norte,15989,3536,0,-,-,17792,1733,-,-,-,7766,11759,0,0,-,11652,7642,231,-,-,10780,8671,74,-,-,10500,8325,0,700,-,REGIÃO,Norte,REGIÃO_Norte,E1,E1 - ESCOLAS QUE REGISTRAM OU CONSULTAM DADOS DOS ALUNOS E DA ESCOLA EM FORMATO ELETRÔNICO
REGIÃO,Nordeste,45049,4532,0,-,-,45551,4030,-,-,-,21534,27092,342,614,-,33277,16304,0,-,-,33870,15711,0,-,-,35747,13221,0,614,-,REGIÃO,Nordeste,REGIÃO_Nordeste,E1,E1 - ESCOLAS QUE REGISTRAM OU CONSULTAM DADOS DOS ALUNOS E DA ESCOLA EM FORMATO ELETRÔNICO
REGIÃO,Sudeste,34185,3250,43,-,-,34452,3026,-,-,-,19399,18036,43,0,-,27677,9566,235,-,-,31976,5495,7,-,-,29319,7896,263,0,-,REGIÃO,Sudeste,REGIÃO_Sudeste,E1,E1 - ESCOLAS QUE REGISTRAM OU CONSULTAM DADOS DOS ALUNOS E DA ESCOLA EM FORMATO ELETRÔNICO
REGIÃO,Sul,14828,516,319,-,-,15517,146,-,-,-,10944,4719,0,0,-,11640,3924,99,-,-,12478,3086,99,-,-,13041,2622,0,0,-,REGIÃO,Sul,REGIÃO_Sul,E1,E1 - ESCOLAS QUE REGISTRAM OU CONSULTAM DADOS DOS ALUNOS E DA ESCOLA EM FORMATO ELETRÔNICO
REGIÃO,Centro-Oeste,7395,331,0,-,-,7363,363,-,-,-,5408,2318,0,0,-,6035,1691,0,-,-,6699,971,56,-,-,5458,2268,0,0,-,REGIÃO,Centro-Oeste,REGIÃO_Centro-Oeste,E1,E1 - ESCOLAS QUE REGISTRAM OU CONSULTAM DADOS DOS ALUNOS E DA ESCOLA EM FORMATO ELETRÔNICO
ÁREA,Urbana,78343,4358,319,-,-,77391,5630,-,-,-,44480,37586,342,614,-,59639,22915,467,-,-,68439,14515,68,-,-,63741,18446,220,614,-,ÁREA,Urbana,ÁREA_Urbana,E1,E1 - ESCOLAS QUE REGISTRAM OU CONSULTAM DADOS DOS ALUNOS E DA ESCOLA EM FORMATO ELETRÔNICO
ÁREA,Rural,39103,7806,43,-,-,43283,3669,-,-,-,20571,26338,43,0,-,30642,16211,99,-,-,27364,19420,168,-,-,30324,15885,43,700,-,ÁREA,Rural,ÁREA_Rural,E1,E1 - ESCOLAS QUE REGISTRAM OU CONSULTAM DADOS DOS ALUNOS E DA ESCOLA EM FORMATO ELETRÔNICO
LOCALIZAÇÃO,Capital,16174,1451,0,-,-,16102,1523,-,-,-,9060,8506,59,0,-,13075,4543,7,-,-,14874,2625,126,-,-,11788,5837,0,0,-,LOCALIZAÇÃO,Capital,LOCALIZAÇÃO_Capital,E1,E1 - ESCOLAS QUE REGISTRAM OU CONSULTAM DADOS DOS ALUNOS E DA ESCOLA EM FORMATO ELETRÔNICO
LOCALIZAÇÃO,Interior,101273,10714,362,-,-,104572,7776,-,-,-,55991,55418,326,614,-,77206,34583,559,-,-,80929,31310,110,-,-,82277,28495,263,1314,-,LOCALIZAÇÃO,Interior,LOCALIZAÇÃO_Interior,E1,E1 - ESCOLAS QUE REGISTRAM OU CONSULTAM DADOS DOS ALUNOS E DA ESCOLA EM FORMATO ELETRÔNICO
DEPENDÊNCIA ADMINISTRATIVA,Municipal,66961,8397,0,-,-,71349,4009,-,-,-,36042,39257,59,0,-,49759,25371,229,-,-,52676,22682,0,-,-,52045,22613,0,700,-,DEPENDÊNCIA ADMINISTRATIVA,Municipal,DEPENDÊNCIA_ADMINISTRATIVA_Municipal,E1,E1 - ESCOLAS QUE REGISTRAM OU CONSULTAM DADOS DOS ALUNOS E DA ESCOLA EM FORMATO ELETRÔNICO
DEPENDÊNCIA ADMINISTRATIVA,Estadual,27643,117,362,-,-,27869,253,-,-,-,14467,13329,326,0,-,24340,3452,330,-,-,24926,2978,218,-,-,22312,5548,263,0,-,DEPENDÊNCIA ADMINISTRATIVA,Estadual,DEPENDÊNCIA_ADMINISTRATIVA_Estadual,E1,E1 - ESCOLAS QUE REGISTRAM OU CONSULTAM DADOS DOS ALUNOS E DA ESCOLA EM FORMATO ELETRÔNICO
DEPENDÊNCIA ADMINISTRATIVA,"Públicas (Municipal, Estadual e Federal)",95231,8517,362,-,-,99844,4266,-,-,-,50862,52863,385,0,-,74617,28927,566,-,-,78205,25669,236,-,-,74869,28278,263,700,-,DEPENDÊNCIA ADMINISTRATIVA,"Públicas (Municipal, Estadual e Federal)","DEPENDÊNCIA_ADMINISTRATIVA_Públicas_(Municipal,_Estadual_e_Federal)",E1,E1 - ESCOLAS QUE REGISTRAM OU CONSULTAM DADOS DOS ALUNOS E DA ESCOLA EM FORMATO ELETRÔNICO
DEPENDÊNCIA ADMINISTRATIVA,Particular,22215,3648,0,-,-,20830,5033,-,-,-,14189,11061,0,614,-,15663,10200,0,-,-,17597,8266,0,-,-,19196,6053,0,614,-,DEPENDÊNCIA ADMINISTRATIVA,Particular,DEPENDÊNCIA_ADMINISTRATIVA_Particular,E1,E1 - ESCOLAS QUE REGISTRAM OU CONSULTAM DADOS DOS ALUNOS E DA ESCOLA EM FORMATO ELETRÔNICO
NÍVEL DE ENSINO MAIS ELEVADO OFERTADO,Até anos iniciais do Ensino Fundamental,48650,7308,0,-,-,50625,5333,-,-,-,26004,29895,59,0,-,37001,18729,229,-,-,40464,15445,50,-,-,42032,13926,0,0,-,NÍVEL DE ENSINO MAIS ELEVADO OFERTADO,Até anos iniciais do Ensino Fundamental,NÍVEL_DE_ENSINO_MAIS_ELEVADO_OFERTADO_Até_anos_iniciais_do_Ensino_Fundamental,E1,E1 - ESCOLAS QUE REGISTRAM OU CONSULTAM DADOS DOS ALUNOS E DA ESCOLA EM FORMATO ELETRÔNICO
NÍVEL DE ENSINO MAIS ELEVADO OFERTADO,Até anos finais do Ensino Fundamental,38515,4222,362,-,-,39585,3514,-,-,-,20516,21927,43,614,-,26445,16324,330,-,-,29978,13022,99,-,-,28271,13472,43,1314,-,NÍVEL DE ENSINO MAIS ELEVADO OFERTADO,Até anos finais do Ensino Fundamental,NÍVEL_DE_ENSINO_MAIS_ELEVADO_OFERTADO_Até_anos_finais_do_Ensino_Fundamental,E1,E1 - ESCOLAS QUE REGISTRAM OU CONSULTAM DADOS DOS ALUNOS E DA ESCOLA EM FORMATO ELETRÔNICO
NÍVEL DE ENSINO MAIS ELEVADO OFERTADO,Até Ensino Médio ou Educação Profissional,30281,635,0,-,-,30463,453,-,-,-,18531,12102,283,0,-,26835,4074,7,-,-,25360,5468,87,-,-,23763,6933,220,0,-,NÍVEL DE ENSINO MAIS ELEVADO OFERTADO,Até Ensino Médio ou Educação Profissional,NÍVEL_DE_ENSINO_MAIS_ELEVADO_OFERTADO_Até_Ensino_Médio_ou_Educação_Profissional,E1,E1 - ESCOLAS QUE REGISTRAM OU CONSULTAM DADOS DOS ALUNOS E DA ESCOLA EM FORMATO ELETRÔNICO
PORTE,Até 50 matrículas,20095,6355,0,-,-,23490,2961,-,-,-,8693,17757,0,0,-,15264,11186,0,-,-,13298,13153,0,-,-,17334,8416,0,700,-,PORTE,Até 50 matrículas,PORTE_Até_50_matrículas,E1,E1 - ESCOLAS QUE REGISTRAM OU CONSULTAM DADOS DOS ALUNOS E DA ESCOLA EM FORMATO ELETRÔNICO
PORTE,De 51 a 150 matrículas,21600,3716,0,-,-,22135,3182,-,-,-,14098,11218,0,0,-,17402,7816,99,-,-,16908,8310,99,-,-,17567,7750,0,0,-,PORTE,De 51 a 150 matrículas,PORTE_De_51_a_150_matrículas,E1,E1 - ESCOLAS QUE REGISTRAM OU CONSULTAM DADOS DOS ALUNOS E DA ESCOLA EM FORMATO ELETRÔNICO
PORTE,De 151 a 300 matrículas,28363,490,0,-,-,27281,1572,-,-,-,14487,13693,59,614,-,19654,8740,460,-,-,22321,6457,76,-,-,20876,7363,0,614,-,PORTE,De 151 a 300 matrículas,PORTE_De_151_a_300_matrículas,E1,E1 - ESCOLAS QUE REGISTRAM OU CONSULTAM DADOS DOS ALUNOS E DA ESCOLA EM FORMATO ELETRÔNICO
PORTE,De 301 a 500 matrículas,23196,773,362,-,-,23132,1199,-,-,-,12894,11112,326,0,-,18099,6233,0,-,-,20900,3431,0,-,-,19719,4350,263,0,-,PORTE,De 301 a 500 matrículas,PORTE_De_301_a_500_matrículas,E1,E1 - ESCOLAS QUE REGISTRAM OU CONSULTAM DADOS DOS ALUNOS E DA ESCOLA EM FORMATO ELETRÔNICO
PORTE,De 501 a 1.000 matrículas,18611,830,0,-,-,19083,358,-,-,-,11523,7918,0,0,-,15366,4068,7,-,-,17182,2248,11,-,-,14611,4830,0,0,-,PORTE,De 501 a 1.000 matrículas,PORTE_De_501_a_1.000_matrículas,E1,E1 - ESCOLAS QUE REGISTRAM OU CONSULTAM DADOS DOS ALUNOS E DA ESCOLA EM FORMATO ELETRÔNICO
PORTE,Mais de 1.000 matrículas,5580,0,0,-,-,5553,27,-,-,-,3356,2225,0,0,-,4496,1084,0,-,-,5194,337,50,-,-,3958,1622,0,0,-,PORTE,Mais de 1.000 matrículas,PORTE_Mais_de_1.000_matrículas,E1,E1 - ESCOLAS QUE REGISTRAM OU CONSULTAM DADOS DOS ALUNOS E DA ESCOLA EM FORMATO ELETRÔNICO
ESCOLA COM INTERNET E COMPUTADOR PARA USO DOS ALUNOS,Sim,73372,2686,362,-,-,72962,3457,-,-,-,45473,29948,385,614,-,58480,17374,566,-,-,64147,12087,186,-,-,60516,15027,263,614,-,ESCOLA COM INTERNET E COMPUTADOR PARA USO DOS ALUNOS,Sim,ESCOLA_COM_INTERNET_E_COMPUTADOR_PARA_USO_DOS_ALUNOS_Sim,E1,E1 - ESCOLAS QUE REGISTRAM OU CONSULTAM DADOS DOS ALUNOS E DA ESCOLA EM FORMATO ELETRÔNICO
ESCOLA COM INTERNET E COMPUTADOR PARA USO DOS ALUNOS,Não,44075,9479,0,-,-,47712,5842,-,-,-,19577,33976,0,0,-,31801,21753,0,-,-,31656,21848,50,-,-,33549,19305,0,700,-,ESCOLA COM INTERNET E COMPUTADOR PARA USO DOS ALUNOS,Não,ESCOLA_COM_INTERNET_E_COMPUTADOR_PARA_USO_DOS_ALUNOS_Não,E1,E1 - ESCOLAS QUE REGISTRAM OU CONSULTAM DADOS DOS ALUNOS E DA ESCOLA EM FORMATO ELETRÔNICO
Fonte: Núcleo de Informação e Coordenação do Ponto BR. (2024). Pesquisa sobre o uso das tecnologias de informação e comunicação nos domicílios brasileiros: TIC Educação 2024 [Tabelas].,,,,,,,,,,,,,,,,,,,,,,,,,,,,,,,,Fonte: Núcleo de Informação e Coordenação do Ponto BR. (2024). Pesquisa sobre o uso das tecnologias de informação e comunicação nos domicílios brasileiros: TIC Educação 2024 [Tabelas].,,Fonte:_Núcleo_de_Informação_e_Coordenação_do_Ponto_BR._(2024)._Pesquisa_sobre_o_uso_das_tecnologias_de_informação_e_comunicação_nos_domicílios_brasileiros:_TIC_Educação_2024_[Tabelas]._Total,E1,E1 - ESCOLAS QUE REGISTRAM OU CONSULTAM DADOS DOS ALUNOS E DA ESCOLA EM FORMATO ELETRÔNICO
