Total,col_1,Sim,Não,Não sabe,Não respondeu,categoria_principal,categoria_secundaria,observacao_id,sheet_origem,titulo_sheet
TOTAL,Total,92959,36918,95,-,TOTAL,Total,TOTAL_Total,F2,F2 - ESCOLAS QUE POSSUEM PERFIL OU PÁGINA EM REDES SOCIAIS
REGIÃO,Norte,8431,10998,95,-,REGIÃO,Norte,REGIÃO_Norte,F2,F2 - ESCOLAS QUE POSSUEM PERFIL OU PÁGINA EM REDES SOCIAIS
REGIÃO,Nordeste,33682,15899,0,-,REGIÃO,Nordeste,REGIÃO_Nordeste,F2,F2 - ESCOLAS QUE POSSUEM PERFIL OU PÁGINA EM REDES SOCIAIS
REGIÃO,Sudeste,30937,6541,0,-,REGIÃO,Sudeste,REGIÃO_Sudeste,F2,F2 - ESCOLAS QUE POSSUEM PERFIL OU PÁGINA EM REDES SOCIAIS
REGIÃO,Sul,12982,2681,0,-,REGIÃO,Sul,REGIÃO_Sul,F2,F2 - ESCOLAS QUE POSSUEM PERFIL OU PÁGINA EM REDES SOCIAIS
REGIÃO,Centro-Oeste,6927,799,0,-,REGIÃO,Centro-Oeste,REGIÃO_Centro-Oeste,F2,F2 - ESCOLAS QUE POSSUEM PERFIL OU PÁGINA EM REDES SOCIAIS
ÁREA,Urbana,73483,9512,26,-,ÁREA,Urbana,ÁREA_Urbana,F2,F2 - ESCOLAS QUE POSSUEM PERFIL OU PÁGINA EM REDES SOCIAIS
ÁREA,Rural,19476,27407,69,-,ÁREA,Rural,ÁREA_Rural,F2,F2 - ESCOLAS QUE POSSUEM PERFIL OU PÁGINA EM REDES SOCIAIS
LOCALIZAÇÃO,Capital,15178,2352,95,-,LOCALIZAÇÃO,Capital,LOCALIZAÇÃO_Capital,F2,F2 - ESCOLAS QUE POSSUEM PERFIL OU PÁGINA EM REDES SOCIAIS
LOCALIZAÇÃO,Interior,77781,34567,0,-,LOCALIZAÇÃO,Interior,LOCALIZAÇÃO_Interior,F2,F2 - ESCOLAS QUE POSSUEM PERFIL OU PÁGINA EM REDES SOCIAIS
DEPENDÊNCIA ADMINISTRATIVA,Municipal,41763,33569,26,-,DEPENDÊNCIA ADMINISTRATIVA,Municipal,DEPENDÊNCIA_ADMINISTRATIVA_Municipal,F2,F2 - ESCOLAS QUE POSSUEM PERFIL OU PÁGINA EM REDES SOCIAIS
DEPENDÊNCIA ADMINISTRATIVA,Estadual,25506,2547,69,-,DEPENDÊNCIA ADMINISTRATIVA,Estadual,DEPENDÊNCIA_ADMINISTRATIVA_Estadual,F2,F2 - ESCOLAS QUE POSSUEM PERFIL OU PÁGINA EM REDES SOCIAIS
DEPENDÊNCIA ADMINISTRATIVA,"Públicas (Municipal, Estadual e Federal)",67892,36123,95,-,DEPENDÊNCIA ADMINISTRATIVA,"Públicas (Municipal, Estadual e Federal)","DEPENDÊNCIA_ADMINISTRATIVA_Públicas_(Municipal,_Estadual_e_Federal)",F2,F2 - ESCOLAS QUE POSSUEM PERFIL OU PÁGINA EM REDES SOCIAIS
DEPENDÊNCIA ADMINISTRATIVA,Particular,25067,796,0,-,DEPENDÊNCIA ADMINISTRATIVA,Particular,DEPENDÊNCIA_ADMINISTRATIVA_Particular,F2,F2 - ESCOLAS QUE POSSUEM PERFIL OU PÁGINA EM REDES SOCIAIS
NÍVEL DE ENSINO MAIS ELEVADO OFERTADO,Até anos iniciais do Ensino Fundamental,33616,22316,26,-,NÍVEL DE ENSINO MAIS ELEVADO OFERTADO,Até anos iniciais do Ensino Fundamental,NÍVEL_DE_ENSINO_MAIS_ELEVADO_OFERTADO_Até_anos_iniciais_do_Ensino_Fundamental,F2,F2 - ESCOLAS QUE POSSUEM PERFIL OU PÁGINA EM REDES SOCIAIS
NÍVEL DE ENSINO MAIS ELEVADO OFERTADO,Até anos finais do Ensino Fundamental,30332,12767,0,-,NÍVEL DE ENSINO MAIS ELEVADO OFERTADO,Até anos finais do Ensino Fundamental,NÍVEL_DE_ENSINO_MAIS_ELEVADO_OFERTADO_Até_anos_finais_do_Ensino_Fundamental,F2,F2 - ESCOLAS QUE POSSUEM PERFIL OU PÁGINA EM REDES SOCIAIS
NÍVEL DE ENSINO MAIS ELEVADO OFERTADO,Até Ensino Médio ou Educação Profissional,29011,1836,69,-,NÍVEL DE ENSINO MAIS ELEVADO OFERTADO,Até Ensino Médio ou Educação Profissional,NÍVEL_DE_ENSINO_MAIS_ELEVADO_OFERTADO_Até_Ensino_Médio_ou_Educação_Profissional,F2,F2 - ESCOLAS QUE POSSUEM PERFIL OU PÁGINA EM REDES SOCIAIS
PORTE,Até 50 matrículas,7675,18775,0,-,PORTE,Até 50 matrículas,PORTE_Até_50_matrículas,F2,F2 - ESCOLAS QUE POSSUEM PERFIL OU PÁGINA EM REDES SOCIAIS
PORTE,De 51 a 150 matrículas,17063,8253,0,-,PORTE,De 51 a 150 matrículas,PORTE_De_51_a_150_matrículas,F2,F2 - ESCOLAS QUE POSSUEM PERFIL OU PÁGINA EM REDES SOCIAIS
PORTE,De 151 a 300 matrículas,24362,4422,69,-,PORTE,De 151 a 300 matrículas,PORTE_De_151_a_300_matrículas,F2,F2 - ESCOLAS QUE POSSUEM PERFIL OU PÁGINA EM REDES SOCIAIS
PORTE,De 301 a 500 matrículas,21267,3064,0,-,PORTE,De 301 a 500 matrículas,PORTE_De_301_a_500_matrículas,F2,F2 - ESCOLAS QUE POSSUEM PERFIL OU PÁGINA EM REDES SOCIAIS
PORTE,De 501 a 1.000 matrículas,17473,1942,26,-,PORTE,De 501 a 1.000 matrículas,PORTE_De_501_a_1.000_matrículas,F2,F2 - ESCOLAS QUE POSSUEM PERFIL OU PÁGINA EM REDES SOCIAIS
PORTE,Mais de 1.000 matrículas,5120,461,0,-,PORTE,Mais de 1.000 matrículas,PORTE_Mais_de_1.000_matrículas,F2,F2 - ESCOLAS QUE POSSUEM PERFIL OU PÁGINA EM REDES SOCIAIS
ESCOLA COM INTERNET E COMPUTADOR PARA USO DOS ALUNOS,Sim,67673,8652,95,-,ESCOLA COM INTERNET E COMPUTADOR PARA USO DOS ALUNOS,Sim,ESCOLA_COM_INTERNET_E_COMPUTADOR_PARA_USO_DOS_ALUNOS_Sim,F2,F2 - ESCOLAS QUE POSSUEM PERFIL OU PÁGINA EM REDES SOCIAIS
ESCOLA COM INTERNET E COMPUTADOR PARA USO DOS ALUNOS,Não,25287,28267,0,-,ESCOLA COM INTERNET E COMPUTADOR PARA USO DOS ALUNOS,Não,ESCOLA_COM_INTERNET_E_COMPUTADOR_PARA_USO_DOS_ALUNOS_Não,F2,F2 - ESCOLAS QUE POSSUEM PERFIL OU PÁGINA EM REDES SOCIAIS
Fonte: Núcleo de Informação e Coordenação do Ponto BR. (2024). Pesquisa sobre o uso das tecnologias de informação e comunicação nos domicílios brasileiros: TIC Educação 2024 [Tabelas].,,,,,,Fonte: Núcleo de Informação e Coordenação do Ponto BR. (2024). Pesquisa sobre o uso das tecnologias de informação e comunicação nos domicílios brasileiros: TIC Educação 2024 [Tabelas].,,Fonte:_Núcleo_de_Informação_e_Coordenação_do_Ponto_BR._(2024)._Pesquisa_sobre_o_uso_das_tecnologias_de_informação_e_comunicação_nos_domicílios_brasileiros:_TIC_Educação_2024_[Tabelas]._Total,F2,F2 - ESCOLAS QUE POSSUEM PERFIL OU PÁGINA EM REDES SOCIAIS
