Total,col_1,Microsoft Teams_Sim,Microsoft Teams_Não,Microsoft Teams_Não sabe,Microsoft Teams_Não respondeu,Zoom_Sim,Zoom_Não,Zoom_Não sabe,Zoom_Não respondeu,Moodle_Sim,Moodle_Não,Moodle_Não sabe,Moodle_Não respondeu,"Google Sala de Aula, Classroom ou Google For Education_Sim","Google Sala de Aula, Classroom ou Google For Education_Não","Google Sala de Aula, Classroom ou Google For Education_Não sabe","Google Sala de Aula, Classroom ou Google For Education_Não respondeu",Google Meet_Sim,Google Meet_Não,Google Meet_Não sabe,Google Meet_Não respondeu,Google (total)_Sim,Google (total)_Não,AVAMEC_Sim,AVAMEC_Não,AVAMEC_Não sabe,AVAMEC_Não respondeu,Outros ambientes ou plataformas_Sim,Outros ambientes ou plataformas_Não,categoria_principal,categoria_secundaria,observacao_id,sheet_origem,titulo_sheet
TOTAL,Total,30785,96571,2617,-,31932,94405,2409,1227,7295,118656,3257,765,39308,90106,559,-,72414,57321,238,-,77141,52832,29506,94848,3508,2111,21584,108389,TOTAL,Total,TOTAL_Total,G4,"G4 - ESCOLAS, POR TIPOS DE AMBIENTES E PLATAFORMAS VIRTUAIS DE APRENDIZAGEM UTILIZADOS NOS ÚLTIMOS 12 MESES"
REGIÃO,Norte,3927,15416,182,-,3191,16200,134,0,473,18913,139,0,2883,16550,91,-,6162,13313,50,-,6437,13088,5157,14234,134,0,2550,16975,REGIÃO,Norte,REGIÃO_Norte,G4,"G4 - ESCOLAS, POR TIPOS DE AMBIENTES E PLATAFORMAS VIRTUAIS DE APRENDIZAGEM UTILIZADOS NOS ÚLTIMOS 12 MESES"
REGIÃO,Nordeste,6037,42842,701,-,10218,38096,40,1227,2497,45783,537,765,11731,37809,41,-,26801,22739,41,-,28440,21141,8970,38158,442,2011,7055,42526,REGIÃO,Nordeste,REGIÃO_Nordeste,G4,"G4 - ESCOLAS, POR TIPOS DE AMBIENTES E PLATAFORMAS VIRTUAIS DE APRENDIZAGEM UTILIZADOS NOS ÚLTIMOS 12 MESES"
REGIÃO,Sudeste,14720,21811,947,-,13393,22240,1846,0,1409,34380,1689,0,13090,24077,311,-,22694,14659,125,-,23617,13861,9239,26572,1667,0,5232,32246,REGIÃO,Sudeste,REGIÃO_Sudeste,G4,"G4 - ESCOLAS, POR TIPOS DE AMBIENTES E PLATAFORMAS VIRTUAIS DE APRENDIZAGEM UTILIZADOS NOS ÚLTIMOS 12 MESES"
REGIÃO,Sul,2967,11910,787,-,3068,12205,390,0,2106,12721,836,0,9092,6571,0,-,11614,4049,0,-,13355,2308,2892,11438,1232,101,3859,11804,REGIÃO,Sul,REGIÃO_Sul,G4,"G4 - ESCOLAS, POR TIPOS DE AMBIENTES E PLATAFORMAS VIRTUAIS DE APRENDIZAGEM UTILIZADOS NOS ÚLTIMOS 12 MESES"
REGIÃO,Centro-Oeste,3134,4592,0,-,2063,5663,0,0,810,6859,56,0,2513,5098,116,-,5144,2561,22,-,5292,2434,3248,4446,32,0,2887,4839,REGIÃO,Centro-Oeste,REGIÃO_Centro-Oeste,G4,"G4 - ESCOLAS, POR TIPOS DE AMBIENTES E PLATAFORMAS VIRTUAIS DE APRENDIZAGEM UTILIZADOS NOS ÚLTIMOS 12 MESES"
ÁREA,Urbana,23705,57115,2201,-,23069,56812,1913,1227,4746,74359,3151,765,31623,50839,559,-,51163,31620,238,-,55488,27533,20028,59056,3200,737,15652,67369,ÁREA,Urbana,ÁREA_Urbana,G4,"G4 - ESCOLAS, POR TIPOS DE AMBIENTES E PLATAFORMAS VIRTUAIS DE APRENDIZAGEM UTILIZADOS NOS ÚLTIMOS 12 MESES"
ÁREA,Rural,7080,39456,416,-,8864,37593,496,0,2550,44297,106,0,7686,39266,0,-,21251,25701,0,-,21654,25298,9478,35792,307,1374,5931,41021,ÁREA,Rural,ÁREA_Rural,G4,"G4 - ESCOLAS, POR TIPOS DE AMBIENTES E PLATAFORMAS VIRTUAIS DE APRENDIZAGEM UTILIZADOS NOS ÚLTIMOS 12 MESES"
LOCALIZAÇÃO,Capital,5147,12124,354,-,5141,12113,370,0,1336,15798,491,0,6551,11029,44,-,10964,6473,188,-,11882,5743,2777,14323,523,2,5028,12597,LOCALIZAÇÃO,Capital,LOCALIZAÇÃO_Capital,G4,"G4 - ESCOLAS, POR TIPOS DE AMBIENTES E PLATAFORMAS VIRTUAIS DE APRENDIZAGEM UTILIZADOS NOS ÚLTIMOS 12 MESES"
LOCALIZAÇÃO,Interior,25638,84447,2263,-,26791,82291,2038,1227,5959,102858,2766,765,32757,79076,515,-,61450,50848,50,-,65259,47089,26729,80525,2985,2109,16555,95793,LOCALIZAÇÃO,Interior,LOCALIZAÇÃO_Interior,G4,"G4 - ESCOLAS, POR TIPOS DE AMBIENTES E PLATAFORMAS VIRTUAIS DE APRENDIZAGEM UTILIZADOS NOS ÚLTIMOS 12 MESES"
DEPENDÊNCIA ADMINISTRATIVA,Municipal,12512,61428,1418,-,15077,59011,1270,0,2680,71025,1653,0,15490,59469,399,-,38091,37195,72,-,40208,35150,22492,50011,1359,1495,10190,65168,DEPENDÊNCIA ADMINISTRATIVA,Municipal,DEPENDÊNCIA_ADMINISTRATIVA_Municipal,G4,"G4 - ESCOLAS, POR TIPOS DE AMBIENTES E PLATAFORMAS VIRTUAIS DE APRENDIZAGEM UTILIZADOS NOS ÚLTIMOS 12 MESES"
DEPENDÊNCIA ADMINISTRATIVA,Estadual,10964,16948,211,-,10048,17734,340,0,2975,24031,965,151,14588,13377,157,-,21634,6328,160,-,22904,5218,6132,21106,885,0,5892,22230,DEPENDÊNCIA ADMINISTRATIVA,Estadual,DEPENDÊNCIA_ADMINISTRATIVA_Estadual,G4,"G4 - ESCOLAS, POR TIPOS DE AMBIENTES E PLATAFORMAS VIRTUAIS DE APRENDIZAGEM UTILIZADOS NOS ÚLTIMOS 12 MESES"
DEPENDÊNCIA ADMINISTRATIVA,"Públicas (Municipal, Estadual e Federal)",23814,78651,1645,-,25294,77195,1621,0,6172,95156,2630,151,30482,73069,559,-,60313,43559,238,-,63730,40380,28710,71637,2265,1498,16183,87927,DEPENDÊNCIA ADMINISTRATIVA,"Públicas (Municipal, Estadual e Federal)","DEPENDÊNCIA_ADMINISTRATIVA_Públicas_(Municipal,_Estadual_e_Federal)",G4,"G4 - ESCOLAS, POR TIPOS DE AMBIENTES E PLATAFORMAS VIRTUAIS DE APRENDIZAGEM UTILIZADOS NOS ÚLTIMOS 12 MESES"
DEPENDÊNCIA ADMINISTRATIVA,Particular,6971,17920,972,-,6639,17209,788,1227,1123,23500,627,614,8827,17036,0,-,12101,13762,0,-,13411,12452,795,23211,1243,614,5400,20463,DEPENDÊNCIA ADMINISTRATIVA,Particular,DEPENDÊNCIA_ADMINISTRATIVA_Particular,G4,"G4 - ESCOLAS, POR TIPOS DE AMBIENTES E PLATAFORMAS VIRTUAIS DE APRENDIZAGEM UTILIZADOS NOS ÚLTIMOS 12 MESES"
NÍVEL DE ENSINO MAIS ELEVADO OFERTADO,Até anos iniciais do Ensino Fundamental,8583,46204,1170,-,11837,42933,1188,0,2544,51964,1449,0,9445,46178,335,-,28496,27391,72,-,29388,26570,16025,38234,487,1211,8449,47509,NÍVEL DE ENSINO MAIS ELEVADO OFERTADO,Até anos iniciais do Ensino Fundamental,NÍVEL_DE_ENSINO_MAIS_ELEVADO_OFERTADO_Até_anos_iniciais_do_Ensino_Fundamental,G4,"G4 - ESCOLAS, POR TIPOS DE AMBIENTES E PLATAFORMAS VIRTUAIS DE APRENDIZAGEM UTILIZADOS NOS ÚLTIMOS 12 MESES"
NÍVEL DE ENSINO MAIS ELEVADO OFERTADO,Até anos finais do Ensino Fundamental,9492,32746,861,-,8295,33396,181,1227,1416,40697,372,614,14086,28948,65,-,21809,21290,0,-,24604,18495,7272,32947,1983,898,6075,37024,NÍVEL DE ENSINO MAIS ELEVADO OFERTADO,Até anos finais do Ensino Fundamental,NÍVEL_DE_ENSINO_MAIS_ELEVADO_OFERTADO_Até_anos_finais_do_Ensino_Fundamental,G4,"G4 - ESCOLAS, POR TIPOS DE AMBIENTES E PLATAFORMAS VIRTUAIS DE APRENDIZAGEM UTILIZADOS NOS ÚLTIMOS 12 MESES"
NÍVEL DE ENSINO MAIS ELEVADO OFERTADO,Até Ensino Médio ou Educação Profissional,12710,17620,585,-,11801,18075,1040,0,3335,25994,1436,151,15777,14979,160,-,22109,8641,166,-,23149,7767,6209,23667,1037,2,7060,23856,NÍVEL DE ENSINO MAIS ELEVADO OFERTADO,Até Ensino Médio ou Educação Profissional,NÍVEL_DE_ENSINO_MAIS_ELEVADO_OFERTADO_Até_Ensino_Médio_ou_Educação_Profissional,G4,"G4 - ESCOLAS, POR TIPOS DE AMBIENTES E PLATAFORMAS VIRTUAIS DE APRENDIZAGEM UTILIZADOS NOS ÚLTIMOS 12 MESES"
PORTE,Até 50 matrículas,928,25377,146,-,3338,22716,397,0,416,26035,0,0,2283,24168,0,-,8820,17631,0,-,9209,17241,3604,22847,0,0,2213,24238,PORTE,Até 50 matrículas,PORTE_Até_50_matrículas,G4,"G4 - ESCOLAS, POR TIPOS DE AMBIENTES E PLATAFORMAS VIRTUAIS DE APRENDIZAGEM UTILIZADOS NOS ÚLTIMOS 12 MESES"
PORTE,De 51 a 150 matrículas,6833,18463,21,-,5823,19394,99,0,2047,23171,99,0,5554,19763,0,-,11875,13441,0,-,12253,13063,4638,19210,378,1090,6203,19113,PORTE,De 51 a 150 matrículas,PORTE_De_51_a_150_matrículas,G4,"G4 - ESCOLAS, POR TIPOS DE AMBIENTES E PLATAFORMAS VIRTUAIS DE APRENDIZAGEM UTILIZADOS NOS ÚLTIMOS 12 MESES"
PORTE,De 151 a 300 matrículas,6807,21023,1023,-,5627,21026,973,1227,714,26700,825,614,9309,19379,166,-,18717,9968,168,-,20261,8593,7921,19524,510,898,2903,25951,PORTE,De 151 a 300 matrículas,PORTE_De_151_a_300_matrículas,G4,"G4 - ESCOLAS, POR TIPOS DE AMBIENTES E PLATAFORMAS VIRTUAIS DE APRENDIZAGEM UTILIZADOS NOS ÚLTIMOS 12 MESES"
PORTE,De 301 a 500 matrículas,5632,18001,699,-,8838,15139,354,0,1114,22195,1023,0,9320,14973,38,-,16266,8066,0,-,17014,7317,6018,17212,981,121,5603,18728,PORTE,De 301 a 500 matrículas,PORTE_De_301_a_500_matrículas,G4,"G4 - ESCOLAS, POR TIPOS DE AMBIENTES E PLATAFORMAS VIRTUAIS DE APRENDIZAGEM UTILIZADOS NOS ÚLTIMOS 12 MESES"
PORTE,De 501 a 1.000 matrículas,7823,11103,515,-,6297,12558,587,0,2263,15901,1126,151,9500,9627,314,-,12906,6506,28,-,14001,5440,6032,12370,1039,0,3541,15900,PORTE,De 501 a 1.000 matrículas,PORTE_De_501_a_1.000_matrículas,G4,"G4 - ESCOLAS, POR TIPOS DE AMBIENTES E PLATAFORMAS VIRTUAIS DE APRENDIZAGEM UTILIZADOS NOS ÚLTIMOS 12 MESES"
PORTE,Mais de 1.000 matrículas,2763,2605,213,-,2009,3571,0,0,742,4653,185,0,3343,2197,41,-,3830,1709,41,-,4403,1177,1293,3686,599,2,1121,4459,PORTE,Mais de 1.000 matrículas,PORTE_Mais_de_1.000_matrículas,G4,"G4 - ESCOLAS, POR TIPOS DE AMBIENTES E PLATAFORMAS VIRTUAIS DE APRENDIZAGEM UTILIZADOS NOS ÚLTIMOS 12 MESES"
ESCOLA COM INTERNET E COMPUTADOR PARA USO DOS ALUNOS,Sim,23989,50053,2377,-,24634,48630,1928,1227,5235,67585,2834,765,32031,43867,521,-,54505,21677,238,-,57909,18511,19154,53362,3166,737,15414,61005,ESCOLA COM INTERNET E COMPUTADOR PARA USO DOS ALUNOS,Sim,ESCOLA_COM_INTERNET_E_COMPUTADOR_PARA_USO_DOS_ALUNOS_Sim,G4,"G4 - ESCOLAS, POR TIPOS DE AMBIENTES E PLATAFORMAS VIRTUAIS DE APRENDIZAGEM UTILIZADOS NOS ÚLTIMOS 12 MESES"
ESCOLA COM INTERNET E COMPUTADOR PARA USO DOS ALUNOS,Não,6796,46518,239,-,7299,45775,480,0,2060,51070,423,0,7277,46238,38,-,17909,35644,0,-,19232,34321,10352,41486,341,1374,6169,47384,ESCOLA COM INTERNET E COMPUTADOR PARA USO DOS ALUNOS,Não,ESCOLA_COM_INTERNET_E_COMPUTADOR_PARA_USO_DOS_ALUNOS_Não,G4,"G4 - ESCOLAS, POR TIPOS DE AMBIENTES E PLATAFORMAS VIRTUAIS DE APRENDIZAGEM UTILIZADOS NOS ÚLTIMOS 12 MESES"
Fonte: Núcleo de Informação e Coordenação do Ponto BR. (2024). Pesquisa sobre o uso das tecnologias de informação e comunicação nos domicílios brasileiros: TIC Educação 2024 [Tabelas].,,,,,,,,,,,,,,,,,,,,,,,,,,,,,,Fonte: Núcleo de Informação e Coordenação do Ponto BR. (2024). Pesquisa sobre o uso das tecnologias de informação e comunicação nos domicílios brasileiros: TIC Educação 2024 [Tabelas].,,Fonte:_Núcleo_de_Informação_e_Coordenação_do_Ponto_BR._(2024)._Pesquisa_sobre_o_uso_das_tecnologias_de_informação_e_comunicação_nos_domicílios_brasileiros:_TIC_Educação_2024_[Tabelas]._Total,G4,"G4 - ESCOLAS, POR TIPOS DE AMBIENTES E PLATAFORMAS VIRTUAIS DE APRENDIZAGEM UTILIZADOS NOS ÚLTIMOS 12 MESES"
