Total,col_1,Manhã_Até 50 alunos,Manhã_De 51 a 200 alunos,Manhã_De 201 a 350 alunos,Manhã_de 351 a 500 alunos,Manhã_Mais de 500 alunos,Manhã_Não sabe,Manhã_Não respondeu,Manhã_Não se aplica,Tarde_Até 50 alunos,Tarde_De 51 a 200 alunos,Tarde_De 201 a 350 alunos,Tarde_de 351 a 500 alunos,Tarde_Mais de 500 alunos,Tarde_Não sabe,Tarde_Não respondeu,Tarde_Não se aplica,Noite_Até 50 alunos,Noite_De 51 a 200 alunos,Noite_De 201 a 350 alunos,Noite_de 351 a 500 alunos,Noite_Mais de 500 alunos,Noite_Não sabe,Noite_Não respondeu,Noite_Não se aplica,categoria_principal,categoria_secundaria,observacao_id,sheet_origem,titulo_sheet
TOTAL,Total,36919,46021,24667,14586,4047,83,51,3598,29264,46988,19884,11290,2907,83,51,19507,12072,11424,2454,579,323,83,-,103038,TOTAL,Total,TOTAL_Total,K6,"K6 - ESCOLAS, POR NÚMERO DE ALUNOS QUE FREQUENTAM A ESCOLA, POR PERÍODO DE FUNCIONAMENTO"
REGIÃO,Norte,8798,6579,1593,1322,533,0,0,700,7867,5104,1677,1166,254,0,0,3456,2380,1126,76,94,16,0,-,15833,REGIÃO,Norte,REGIÃO_Norte,K6,"K6 - ESCOLAS, POR NÚMERO DE ALUNOS QUE FREQUENTAM A ESCOLA, POR PERÍODO DE FUNCIONAMENTO"
REGIÃO,Nordeste,17141,19555,7977,2717,618,18,0,1554,11900,19004,4923,2294,531,18,0,10912,6305,4989,298,214,18,18,-,37738,REGIÃO,Nordeste,REGIÃO_Nordeste,K6,"K6 - ESCOLAS, POR NÚMERO DE ALUNOS QUE FREQUENTAM A ESCOLA, POR PERÍODO DE FUNCIONAMENTO"
REGIÃO,Sudeste,7500,11452,10018,6933,1007,65,51,451,4617,14232,8487,5506,699,65,51,3821,2502,3553,848,237,121,65,-,30151,REGIÃO,Sudeste,REGIÃO_Sudeste,K6,"K6 - ESCOLAS, POR NÚMERO DE ALUNOS QUE FREQUENTAM A ESCOLA, POR PERÍODO DE FUNCIONAMENTO"
REGIÃO,Sul,3078,5143,2858,2436,1408,0,0,741,4053,5696,2902,1384,1104,0,0,524,212,1178,892,27,166,0,-,13188,REGIÃO,Sul,REGIÃO_Sul,K6,"K6 - ESCOLAS, POR NÚMERO DE ALUNOS QUE FREQUENTAM A ESCOLA, POR PERÍODO DE FUNCIONAMENTO"
REGIÃO,Centro-Oeste,402,3293,2221,1178,480,0,0,153,828,2952,1895,940,318,0,0,793,674,577,339,6,2,0,-,6127,REGIÃO,Centro-Oeste,REGIÃO_Centro-Oeste,K6,"K6 - ESCOLAS, POR NÚMERO DE ALUNOS QUE FREQUENTAM A ESCOLA, POR PERÍODO DE FUNCIONAMENTO"
ÁREA,Urbana,6959,34723,22296,14423,3987,65,0,568,7537,37136,18507,11234,2804,65,0,5738,7106,9663,2202,552,323,65,-,63110,ÁREA,Urbana,ÁREA_Urbana,K6,"K6 - ESCOLAS, POR NÚMERO DE ALUNOS QUE FREQUENTAM A ESCOLA, POR PERÍODO DE FUNCIONAMENTO"
ÁREA,Rural,29960,11298,2371,163,60,18,51,3031,21727,9852,1376,56,103,18,51,13768,4967,1761,251,28,0,18,-,39927,ÁREA,Rural,ÁREA_Rural,K6,"K6 - ESCOLAS, POR NÚMERO DE ALUNOS QUE FREQUENTAM A ESCOLA, POR PERÍODO DE FUNCIONAMENTO"
LOCALIZAÇÃO,Capital,2256,4347,4793,4745,1347,65,0,72,1753,6451,3431,3358,923,65,0,1643,927,1935,345,278,89,65,-,13986,LOCALIZAÇÃO,Capital,LOCALIZAÇÃO_Capital,K6,"K6 - ESCOLAS, POR NÚMERO DE ALUNOS QUE FREQUENTAM A ESCOLA, POR PERÍODO DE FUNCIONAMENTO"
LOCALIZAÇÃO,Interior,34663,41674,19874,9841,2700,18,51,3527,27510,40537,16452,7932,1983,18,51,17864,11145,9489,2109,301,234,18,-,89051,LOCALIZAÇÃO,Interior,LOCALIZAÇÃO_Interior,K6,"K6 - ESCOLAS, POR NÚMERO DE ALUNOS QUE FREQUENTAM A ESCOLA, POR PERÍODO DE FUNCIONAMENTO"
DEPENDÊNCIA ADMINISTRATIVA,Municipal,27302,27129,12153,5172,1200,0,0,2401,19639,26513,10349,5236,798,0,0,12823,8251,3677,196,0,0,0,-,63234,DEPENDÊNCIA ADMINISTRATIVA,Municipal,DEPENDÊNCIA_ADMINISTRATIVA_Municipal,K6,"K6 - ESCOLAS, POR NÚMERO DE ALUNOS QUE FREQUENTAM A ESCOLA, POR PERÍODO DE FUNCIONAMENTO"
DEPENDÊNCIA ADMINISTRATIVA,Estadual,3640,7982,7485,6110,1950,65,51,839,3815,9337,6905,4422,1571,65,51,1955,3523,7258,2160,486,226,65,-,14403,DEPENDÊNCIA ADMINISTRATIVA,Estadual,DEPENDÊNCIA_ADMINISTRATIVA_Estadual,K6,"K6 - ESCOLAS, POR NÚMERO DE ALUNOS QUE FREQUENTAM A ESCOLA, POR PERÍODO DE FUNCIONAMENTO"
DEPENDÊNCIA ADMINISTRATIVA,"Públicas (Municipal, Estadual e Federal)",30942,35189,19869,11388,3347,83,51,3240,23454,35942,17522,9752,2512,83,51,14793,11841,11138,2454,579,294,83,-,77721,DEPENDÊNCIA ADMINISTRATIVA,"Públicas (Municipal, Estadual e Federal)","DEPENDÊNCIA_ADMINISTRATIVA_Públicas_(Municipal,_Estadual_e_Federal)",K6,"K6 - ESCOLAS, POR NÚMERO DE ALUNOS QUE FREQUENTAM A ESCOLA, POR PERÍODO DE FUNCIONAMENTO"
DEPENDÊNCIA ADMINISTRATIVA,Particular,5977,10831,4798,3199,700,0,0,358,5810,11046,2361,1538,395,0,0,4714,231,286,0,0,29,0,-,25317,DEPENDÊNCIA ADMINISTRATIVA,Particular,DEPENDÊNCIA_ADMINISTRATIVA_Particular,K6,"K6 - ESCOLAS, POR NÚMERO DE ALUNOS QUE FREQUENTAM A ESCOLA, POR PERÍODO DE FUNCIONAMENTO"
NÍVEL DE ENSINO MAIS ELEVADO OFERTADO,Até anos iniciais do Ensino Fundamental,26997,17470,6722,2467,317,0,0,1985,15059,18194,6081,2555,161,0,0,13908,4934,632,73,0,0,0,-,50319,NÍVEL DE ENSINO MAIS ELEVADO OFERTADO,Até anos iniciais do Ensino Fundamental,NÍVEL_DE_ENSINO_MAIS_ELEVADO_OFERTADO_Até_anos_iniciais_do_Ensino_Fundamental,K6,"K6 - ESCOLAS, POR NÚMERO DE ALUNOS QUE FREQUENTAM A ESCOLA, POR PERÍODO DE FUNCIONAMENTO"
NÍVEL DE ENSINO MAIS ELEVADO OFERTADO,Até anos finais do Ensino Fundamental,7842,19733,8773,4615,999,0,0,1137,10145,18242,6999,3735,796,0,0,3182,3044,3475,123,0,0,0,-,36458,NÍVEL DE ENSINO MAIS ELEVADO OFERTADO,Até anos finais do Ensino Fundamental,NÍVEL_DE_ENSINO_MAIS_ELEVADO_OFERTADO_Até_anos_finais_do_Ensino_Fundamental,K6,"K6 - ESCOLAS, POR NÚMERO DE ALUNOS QUE FREQUENTAM A ESCOLA, POR PERÍODO DE FUNCIONAMENTO"
NÍVEL DE ENSINO MAIS ELEVADO OFERTADO,Até Ensino Médio ou Educação Profissional,2080,8818,9173,7504,2730,83,51,476,4060,10552,6803,5000,1950,83,51,2416,4094,7318,2257,579,323,83,-,16261,NÍVEL DE ENSINO MAIS ELEVADO OFERTADO,Até Ensino Médio ou Educação Profissional,NÍVEL_DE_ENSINO_MAIS_ELEVADO_OFERTADO_Até_Ensino_Médio_ou_Educação_Profissional,K6,"K6 - ESCOLAS, POR NÚMERO DE ALUNOS QUE FREQUENTAM A ESCOLA, POR PERÍODO DE FUNCIONAMENTO"
PORTE,Até 50 matrículas,23242,937,0,0,0,0,0,2272,11778,0,0,0,0,0,0,14672,744,0,0,0,0,0,-,25707,PORTE,Até 50 matrículas,PORTE_Até_50_matrículas,K6,"K6 - ESCOLAS, POR NÚMERO DE ALUNOS QUE FREQUENTAM A ESCOLA, POR PERÍODO DE FUNCIONAMENTO"
PORTE,De 51 a 150 matrículas,13606,10479,222,0,0,0,0,1009,15122,8744,11,0,0,0,0,1440,3176,395,0,0,0,0,-,21745,PORTE,De 51 a 150 matrículas,PORTE_De_51_a_150_matrículas,K6,"K6 - ESCOLAS, POR NÚMERO DE ALUNOS QUE FREQUENTAM A ESCOLA, POR PERÍODO DE FUNCIONAMENTO"
PORTE,De 151 a 300 matrículas,72,22847,5303,418,0,0,0,213,1236,21844,3197,125,0,0,0,2451,4337,868,108,0,0,0,-,23539,PORTE,De 151 a 300 matrículas,PORTE_De_151_a_300_matrículas,K6,"K6 - ESCOLAS, POR NÚMERO DE ALUNOS QUE FREQUENTAM A ESCOLA, POR PERÍODO DE FUNCIONAMENTO"
PORTE,De 301 a 500 matrículas,0,10553,11099,2512,12,0,51,105,1097,13250,7162,1935,12,0,51,825,3066,3649,145,40,12,0,-,17420,PORTE,De 301 a 500 matrículas,PORTE_De_301_a_500_matrículas,K6,"K6 - ESCOLAS, POR NÚMERO DE ALUNOS QUE FREQUENTAM A ESCOLA, POR PERÍODO DE FUNCIONAMENTO"
PORTE,De 501 a 1.000 matrículas,0,1204,7627,9756,771,83,0,0,32,2784,8574,7264,585,83,0,119,731,5409,462,72,17,83,-,12666,PORTE,De 501 a 1.000 matrículas,PORTE_De_501_a_1.000_matrículas,K6,"K6 - ESCOLAS, POR NÚMERO DE ALUNOS QUE FREQUENTAM A ESCOLA, POR PERÍODO DE FUNCIONAMENTO"
PORTE,Mais de 1.000 matrículas,0,0,416,1900,3264,0,0,0,0,365,940,1966,2309,0,0,0,18,1104,1738,467,294,0,-,1961,PORTE,Mais de 1.000 matrículas,PORTE_Mais_de_1.000_matrículas,K6,"K6 - ESCOLAS, POR NÚMERO DE ALUNOS QUE FREQUENTAM A ESCOLA, POR PERÍODO DE FUNCIONAMENTO"
ESCOLA COM INTERNET E COMPUTADOR PARA USO DOS ALUNOS,Sim,8334,29432,20559,13404,3680,83,51,877,8523,32242,16417,10489,2578,83,51,6037,5696,9335,2276,498,323,83,-,58208,ESCOLA COM INTERNET E COMPUTADOR PARA USO DOS ALUNOS,Sim,ESCOLA_COM_INTERNET_E_COMPUTADOR_PARA_USO_DOS_ALUNOS_Sim,K6,"K6 - ESCOLAS, POR NÚMERO DE ALUNOS QUE FREQUENTAM A ESCOLA, POR PERÍODO DE FUNCIONAMENTO"
ESCOLA COM INTERNET E COMPUTADOR PARA USO DOS ALUNOS,Não,28585,16589,4108,1182,367,0,0,2721,20741,14746,3467,801,329,0,0,13470,6376,2089,178,81,0,0,-,44829,ESCOLA COM INTERNET E COMPUTADOR PARA USO DOS ALUNOS,Não,ESCOLA_COM_INTERNET_E_COMPUTADOR_PARA_USO_DOS_ALUNOS_Não,K6,"K6 - ESCOLAS, POR NÚMERO DE ALUNOS QUE FREQUENTAM A ESCOLA, POR PERÍODO DE FUNCIONAMENTO"
Fonte: Núcleo de Informação e Coordenação do Ponto BR. (2024). Pesquisa sobre o uso das tecnologias de informação e comunicação nos domicílios brasileiros: TIC Educação 2024 [Tabelas].,,,,,,,,,,,,,,,,,,,,,,,,,,Fonte: Núcleo de Informação e Coordenação do Ponto BR. (2024). Pesquisa sobre o uso das tecnologias de informação e comunicação nos domicílios brasileiros: TIC Educação 2024 [Tabelas].,,Fonte:_Núcleo_de_Informação_e_Coordenação_do_Ponto_BR._(2024)._Pesquisa_sobre_o_uso_das_tecnologias_de_informação_e_comunicação_nos_domicílios_brasileiros:_TIC_Educação_2024_[Tabelas]._Total,K6,"K6 - ESCOLAS, POR NÚMERO DE ALUNOS QUE FREQUENTAM A ESCOLA, POR PERÍODO DE FUNCIONAMENTO"
